{
"type": "FeatureCollection",
"name": "Extra",
"crs": { "type": "name", "properties": { "name": "urn:ogc:def:crs:OGC:1.3:CRS84" } },
"features": [
{ "type": "Feature", "properties": { "id": null, "LONG": 127.68737582090912 }, "geometry": { "type": "MultiLineString", "coordinates": [ [ [ -8.574245039645636, 42.060320407504058 ], [ -8.574387315472892, 42.060271822512036 ], [ -8.574528160743544, 42.060205759338565 ], [ -8.575146099506233, 42.059808518055576 ], [ -8.575336736484159, 42.059546673720838 ], [ -8.575340368029027, 42.05954762383903 ] ] ] } },
{ "type": "Feature", "properties": { "id": null, "LONG": 104.9311205891053 }, "geometry": { "type": "MultiLineString", "coordinates": [ [ [ -8.575776877488254, 42.059661919066507 ], [ -8.57697290717419, 42.059975051174604 ] ] ] } },
{ "type": "Feature", "properties": { "id": null, "LONG": 38.296815895491875 }, "geometry": { "type": "MultiLineString", "coordinates": [ [ [ -8.575340368029027, 42.05954762383903 ], [ -8.575776877488254, 42.059661919066507 ] ] ] } },
{ "type": "Feature", "properties": { "id": null, "LONG": 447.96174569491041 }, "geometry": { "type": "MultiLineString", "coordinates": [ ] } },
{ "type": "Feature", "properties": { "id": null, "LONG": 229.12962903071539 }, "geometry": { "type": "MultiLineString", "coordinates": [ [ [ -8.568994961465842, 42.056663538875647 ], [ -8.568481667219858, 42.056317262699011 ], [ -8.567776100943021, 42.055811408455071 ], [ -8.567407467960564, 42.055791987257287 ], [ -8.566965192259245, 42.055796110598713 ], [ -8.566685558296735, 42.055836016990199 ] ] ] } },
{ "type": "Feature", "properties": { "id": null, "LONG": 47.193651138788383 }, "geometry": { "type": "MultiLineString", "coordinates": [ [ [ -8.566685558296735, 42.055836016990199 ], [ -8.566122532320511, 42.055902841315351 ] ] ] } },
{ "type": "Feature", "properties": { "id": null, "LONG": 136.20049689565076 }, "geometry": { "type": "MultiLineString", "coordinates": [ [ [ -8.621025676387616, 42.06142215789221 ], [ -8.621082388593074, 42.061374871617744 ], [ -8.619846190059524, 42.06066531844624 ] ] ] } },
{ "type": "Feature", "properties": { "id": null, "LONG": 184.04735020485822 }, "geometry": { "type": "MultiLineString", "coordinates": [ [ [ -8.622178350711822, 42.06272875569509 ], [ -8.622177502246302, 42.062727122716623 ], [ -8.622059718749588, 42.062757663395764 ], [ -8.62187460008079, 42.062478688239096 ], [ -8.621571336873433, 42.061898612597268 ], [ -8.621303160612124, 42.061624496317719 ], [ -8.621025676387616, 42.06142215789221 ] ] ] } },
{ "type": "Feature", "properties": { "id": null, "LONG": 46.962708564739799 }, "geometry": { "type": "MultiLineString", "coordinates": [ [ [ -8.622383166152657, 42.063123051955124 ], [ -8.622178350711822, 42.06272875569509 ] ] ] } },
{ "type": "Feature", "properties": { "id": null, "LONG": 62.536961777834485 }, "geometry": { "type": "MultiLineString", "coordinates": [ [ [ -8.622770543375564, 42.063598790796966 ], [ -8.622769614047488, 42.063598562578697 ], [ -8.622703046535726, 42.063548510533366 ], [ -8.622583755386797, 42.06344156184354 ], [ -8.622471646415624, 42.06329342269197 ], [ -8.622383166152657, 42.063123051955124 ] ] ] } },
{ "type": "Feature", "properties": { "id": null, "LONG": 65.32742763183235 }, "geometry": { "type": "MultiLineString", "coordinates": [ [ [ -8.621731552000858, 42.0652567815373 ], [ -8.621734443156278, 42.065256385771882 ], [ -8.622512177723907, 42.065169826735101 ] ] ] } },
{ "type": "Feature", "properties": { "id": null, "LONG": 177.91851995435135 }, "geometry": { "type": "MultiLineString", "coordinates": [ [ [ -8.622512177723907, 42.065169826735101 ], [ -8.622514415329677, 42.065169572905091 ], [ -8.622525035918965, 42.064545850541641 ], [ -8.622571708021081, 42.064061433845481 ], [ -8.62264719586461, 42.06377472448699 ], [ -8.622770543375564, 42.063598790796966 ] ] ] } },
{ "type": "Feature", "properties": { "id": null, "LONG": 217.17076147319935 }, "geometry": { "type": "MultiLineString", "coordinates": [ [ [ -8.616097516739558, 42.059938719907677 ], [ -8.616170069089495, 42.059760137473823 ], [ -8.617465998373351, 42.059926158836156 ], [ -8.617718780984474, 42.059915580788982 ], [ -8.617826268557833, 42.059872184932466 ], [ -8.617895548828555, 42.059817232461761 ], [ -8.618128477161365, 42.059715287983693 ], [ -8.618412363311279, 42.059626797132552 ], [ -8.618416067103444, 42.059625881771943 ] ] ] } },
{ "type": "Feature", "properties": { "id": null, "LONG": 46.642344680346007 }, "geometry": { "type": "MultiLineString", "coordinates": [ [ [ -8.615583264837882, 42.060109501082025 ], [ -8.615634452412548, 42.060096973283528 ], [ -8.61574195446611, 42.06005547080629 ], [ -8.616097516739558, 42.059938719907677 ] ] ] } },
{ "type": "Feature", "properties": { "id": null, "LONG": 158.08577759684604 }, "geometry": { "type": "MultiLineString", "coordinates": [ [ [ -8.615584514416339, 42.082114929379323 ], [ -8.616217138496642, 42.081981209275256 ], [ -8.616326256794325, 42.081868164064645 ], [ -8.616379293466014, 42.081101949690328 ], [ -8.616395988398933, 42.08107810219483 ] ] ] } },
{ "type": "Feature", "properties": { "id": null, "LONG": 155.77487498146047 }, "geometry": { "type": "MultiLineString", "coordinates": [ [ [ -8.616395988398933, 42.08107810219483 ], [ -8.616530522835271, 42.080885956406341 ], [ -8.617777375987195, 42.080292128038131 ], [ -8.617777625848738, 42.080375394151723 ] ] ] } },
{ "type": "Feature", "properties": { "id": null, "LONG": 66.861749483512384 }, "geometry": { "type": "MultiLineString", "coordinates": [ [ [ -8.613060165739521, 42.081811526192048 ], [ -8.613101788689123, 42.081816097731505 ], [ -8.613394406291663, 42.081872095682172 ], [ -8.613629574362321, 42.081891783347785 ], [ -8.613856419781426, 42.081901379156392 ] ] ] } },
{ "type": "Feature", "properties": { "id": null, "LONG": 73.731729298962236 }, "geometry": { "type": "MultiLineString", "coordinates": [ [ [ -8.61271489783635, 42.082305927125439 ], [ -8.612741546346323, 42.082259948720036 ], [ -8.612848065662648, 42.081811819586974 ], [ -8.613004974597306, 42.081805458834488 ], [ -8.613060165739521, 42.081811526192048 ] ] ] } },
{ "type": "Feature", "properties": { "id": null, "LONG": 330.19525695564641 }, "geometry": { "type": "MultiLineString", "coordinates": [ [ [ -8.61012035798168, 42.083581705230394 ], [ -8.610268341203916, 42.08383932585555 ], [ -8.610463746293588, 42.083946527350811 ], [ -8.610682771559578, 42.083969597739667 ], [ -8.610920621476465, 42.083927461327761 ], [ -8.611422339372625, 42.083740141528075 ], [ -8.611716544772198, 42.083534951192057 ], [ -8.611758237739581, 42.0835024256208 ], [ -8.612067951834685, 42.083027505678103 ], [ -8.612300029352298, 42.08279286863408 ], [ -8.612515687489401, 42.082609728971072 ], [ -8.612620350117925, 42.082469184369785 ], [ -8.61271489783635, 42.082305927125439 ] ] ] } },
{ "type": "Feature", "properties": { "id": null, "LONG": 384.74356569137672 }, "geometry": { "type": "MultiLineString", "coordinates": [ [ [ -8.621443148530618, 42.067900754897572 ], [ -8.622396960858604, 42.067872986634612 ], [ -8.622338209569586, 42.067670029067777 ], [ -8.622346501495679, 42.067048028587102 ], [ -8.621970015253423, 42.066754670916168 ], [ -8.621757566105913, 42.06602196417402 ], [ -8.621705206948961, 42.065516596550999 ], [ -8.621731552000858, 42.0652567815373 ] ] ] } },
{ "type": "Feature", "properties": { "id": null, "LONG": 48.866794389748755 }, "geometry": { "type": "MultiLineString", "coordinates": [ [ [ -8.643432630144133, 42.049694985228726 ], [ -8.643482330085778, 42.049896319397916 ], [ -8.643542208755598, 42.050127280742551 ] ] ] } },
{ "type": "Feature", "properties": { "id": null, "LONG": 39.830236332488013 }, "geometry": { "type": "MultiLineString", "coordinates": [ [ [ -8.643448288611717, 42.049341057601474 ], [ -8.643418027216606, 42.049432335258558 ], [ -8.643404475234188, 42.049530590875904 ], [ -8.643424193243961, 42.049660806099467 ], [ -8.643432630144133, 42.049694985228726 ] ] ] } },
{ "type": "Feature", "properties": { "id": null, "LONG": 43.820682749019149 }, "geometry": { "type": "MultiLineString", "coordinates": [ [ [ -8.618736135637816, 42.059955981874204 ], [ -8.618483969976992, 42.059609094135276 ] ] ] } },
{ "type": "Feature", "properties": { "id": null, "LONG": 30.379470600391723 }, "geometry": { "type": "MultiLineString", "coordinates": [ [ [ -8.580656324500989, 42.057776028732519 ], [ -8.581001495513476, 42.057868967076956 ] ] ] } },
{ "type": "Feature", "properties": { "id": null, "LONG": 58.221406445796369 }, "geometry": { "type": "MultiLineString", "coordinates": [ [ [ -8.579965115893101, 42.057723947086913 ], [ -8.580314294559182, 42.057709120763079 ], [ -8.580656324500989, 42.057776028732519 ] ] ] } },
{ "type": "Feature", "properties": { "id": null, "LONG": 170.35439058688101 }, "geometry": { "type": "MultiLineString", "coordinates": [ [ [ -8.577957354845275, 42.057662073886405 ], [ -8.578533073257455, 42.057828955373871 ], [ -8.579107037228093, 42.057764161027364 ], [ -8.579965115893101, 42.057723947086913 ] ] ] } },
{ "type": "Feature", "properties": { "id": null, "LONG": 151.69317581931179 }, "geometry": { "type": "MultiLineString", "coordinates": [ [ [ -8.581001495513476, 42.057868967076956 ], [ -8.580887367763083, 42.057779358487302 ], [ -8.580838790892992, 42.057583432691281 ], [ -8.580922992912631, 42.0574177404213 ], [ -8.580984835669302, 42.0572962606796 ], [ -8.580967724014714, 42.05718205816661 ], [ -8.580877191441314, 42.056974360723586 ], [ -8.580811595790131, 42.056854252947659 ], [ -8.580817183593922, 42.056780086378929 ], [ -8.580774820512612, 42.05669059564503 ], [ -8.580752277135431, 42.056588315937461 ] ] ] } },
{ "type": "Feature", "properties": { "id": null, "LONG": 41.754715222091932 }, "geometry": { "type": "MultiLineString", "coordinates": [ [ [ -8.619332087324782, 42.060362597446847 ], [ -8.618950232381277, 42.060116955495694 ] ] ] } },
{ "type": "Feature", "properties": { "id": null, "LONG": 27.39253808738448 }, "geometry": { "type": "MultiLineString", "coordinates": [ [ [ -8.619593113003294, 42.060514196572775 ], [ -8.619332087324782, 42.060362597446847 ] ] ] } },
{ "type": "Feature", "properties": { "id": null, "LONG": 26.843427212518883 }, "geometry": { "type": "MultiLineString", "coordinates": [ [ [ -8.619846190059524, 42.06066531844624 ], [ -8.619593113003294, 42.060514196572775 ] ] ] } },
{ "type": "Feature", "properties": { "id": null, "LONG": 25.174277767388016 }, "geometry": { "type": "MultiLineString", "coordinates": [ [ [ -8.618950232381277, 42.060116955495694 ], [ -8.618736135637816, 42.059955981874204 ] ] ] } },
{ "type": "Feature", "properties": { "id": null, "LONG": 403.17190414543489 }, "geometry": { "type": "MultiLineString", "coordinates": [ [ [ -8.674792174737645, 42.02731608457772 ], [ -8.674560989396568, 42.027479655855345 ], [ -8.674206432783322, 42.027503193060127 ], [ -8.673269980569707, 42.027447689494103 ], [ -8.672801110256222, 42.027544507921611 ], [ -8.672706746887661, 42.027680139611284 ], [ -8.672386993379529, 42.027830223209264 ], [ -8.672371673396915, 42.027856604870905 ], [ -8.672156314243582, 42.027884306739296 ], [ -8.671735999651407, 42.027894435777711 ], [ -8.671407118711807, 42.027848191511083 ], [ -8.671333887175809, 42.027815891300143 ], [ -8.670343546006819, 42.027897992635133 ], [ -8.670252403944096, 42.027897721832353 ] ] ] } },
{ "type": "Feature", "properties": { "id": null, "LONG": 169.8397565344444 }, "geometry": { "type": "MultiLineString", "coordinates": [ [ [ -8.670252403944096, 42.027897721832353 ], [ -8.67012045799299, 42.027957759029469 ], [ -8.669895345743088, 42.027913699998358 ], [ -8.66956724054879, 42.027720230674916 ], [ -8.66930789299327, 42.027445799970842 ], [ -8.669212519656371, 42.027283181035351 ], [ -8.668876966307383, 42.027059489095713 ], [ -8.668821340570398, 42.026991541785819 ] ] ] } },
{ "type": "Feature", "properties": { "id": null, "LONG": 410.68866127588882 }, "geometry": { "type": "MultiLineString", "coordinates": [ [ [ -8.668821340570398, 42.026991541785819 ], [ -8.668769186648721, 42.027077001138089 ], [ -8.668654777676089, 42.02715438766446 ], [ -8.668343011122895, 42.027287062896981 ], [ -8.667329204951384, 42.02774678649974 ], [ -8.667214975412675, 42.027777616050578 ], [ -8.666522572686839, 42.028021009549725 ], [ -8.666423723698273, 42.028041482552389 ], [ -8.666266802400445, 42.028037243632859 ], [ -8.665591167252851, 42.027963548600631 ], [ -8.665520512663344, 42.027921822272759 ], [ -8.665480197113313, 42.027885840473957 ], [ -8.665409936432885, 42.027766721445261 ], [ -8.665301580672772, 42.027672025295288 ], [ -8.665111875130744, 42.02763561666525 ], [ -8.665007986842147, 42.02765419136643 ], [ -8.664734526385203, 42.027664714257327 ], [ -8.664505556351195, 42.027633864095407 ] ] ] } },
{ "type": "Feature", "properties": { "id": null, "LONG": 17.927475134869852 }, "geometry": { "type": "MultiLineString", "coordinates": [ [ [ -8.663882340475718, 42.029640414960198 ], [ -8.663669522778859, 42.029669990712236 ] ] ] } },
{ "type": "Feature", "properties": { "id": null, "LONG": 228.7729730415314 }, "geometry": { "type": "MultiLineString", "coordinates": [ [ [ -8.664505556351195, 42.027633864095407 ], [ -8.663882340475718, 42.029640414960198 ] ] ] } },
{ "type": "Feature", "properties": { "id": null, "LONG": 67.116563326426785 }, "geometry": { "type": "MultiLineString", "coordinates": [ [ [ -8.670560503250517, 42.026573563196472 ], [ -8.670365624328305, 42.026563555775745 ], [ -8.670087825414514, 42.026430648699318 ], [ -8.669809602691659, 42.026384536434115 ] ] ] } },
{ "type": "Feature", "properties": { "id": null, "LONG": 112.68625120250312 }, "geometry": { "type": "MultiLineString", "coordinates": [ [ [ -8.669809602691659, 42.026384536434115 ], [ -8.669728099228179, 42.026441636979811 ], [ -8.669551125285889, 42.026649991373915 ], [ -8.669407383633059, 42.02673093718019 ], [ -8.669118938046999, 42.02676410712651 ], [ -8.669030890668678, 42.026783282467122 ], [ -8.668913212652841, 42.026863088477569 ], [ -8.668863981558367, 42.026934591579561 ], [ -8.668821340570398, 42.026991541785819 ] ] ] } },
{ "type": "Feature", "properties": { "id": null, "LONG": 639.21626118413531 }, "geometry": { "type": "MultiLineString", "coordinates": [ [ [ -8.672107283675672, 42.039894700400289 ], [ -8.67143920240059, 42.039886314174453 ], [ -8.670650648179786, 42.039850045289164 ], [ -8.670150185635517, 42.039789348317086 ], [ -8.669327824185318, 42.039724216765251 ], [ -8.668090534223774, 42.039131654417751 ], [ -8.667837981175726, 42.038806992789283 ], [ -8.667766570578534, 42.038750098626963 ], [ -8.667675497161143, 42.038717447272703 ], [ -8.667577806842665, 42.038702582712467 ], [ -8.667412658953539, 42.038706958843868 ], [ -8.66724127408016, 42.038656259366114 ], [ -8.666959819314039, 42.038462683984264 ], [ -8.666702991617571, 42.03812992851018 ], [ -8.666572583714787, 42.037724631393232 ], [ -8.666514507928712, 42.037611087686365 ], [ -8.66634390983616, 42.03741298725236 ], [ -8.666216166020204, 42.037323540634432 ], [ -8.666055749604837, 42.037250994259438 ] ] ] } },
{ "type": "Feature", "properties": { "id": null, "LONG": 195.51366698882507 }, "geometry": { "type": "MultiLineString", "coordinates": [ [ [ -8.674197811959349, 42.040687784330032 ], [ -8.673654766515355, 42.040444919052753 ], [ -8.672963126271092, 42.040154649535154 ], [ -8.672564197210974, 42.039986692128736 ], [ -8.672145334719485, 42.039891566724258 ], [ -8.672107283675672, 42.039894700400289 ] ] ] } },
{ "type": "Feature", "properties": { "id": null, "LONG": 46.622628435582293 }, "geometry": { "type": "MultiLineString", "coordinates": [ [ [ -8.674631150581401, 42.040928732916051 ], [ -8.674583791089047, 42.040842756861792 ], [ -8.674197811959349, 42.040687784330032 ] ] ] } },
{ "type": "Feature", "properties": { "id": null, "LONG": 257.35276606319394 }, "geometry": { "type": "MultiLineString", "coordinates": [ [ [ -8.669571724044491, 42.030854920681961 ], [ -8.668790018491544, 42.03091268768604 ], [ -8.668142417480052, 42.030982140453972 ], [ -8.667738736290596, 42.031111469286913 ], [ -8.666560036314815, 42.031369747062016 ] ] ] } },
{ "type": "Feature", "properties": { "id": null, "LONG": 283.20587428142801 }, "geometry": { "type": "MultiLineString", "coordinates": [ [ [ -8.577198917041841, 42.060037702384683 ], [ -8.577025885668622, 42.059841411216851 ], [ -8.577182262699498, 42.059223721997512 ], [ -8.577162655992948, 42.059013126456605 ], [ -8.577957354845275, 42.057662073886405 ] ] ] } },
{ "type": "Feature", "properties": { "id": null, "LONG": 19.959885706185833 }, "geometry": { "type": "MultiLineString", "coordinates": [ [ [ -8.57697290717419, 42.059975051174604 ], [ -8.577198917041841, 42.060037702384683 ] ] ] } },
{ "type": "Feature", "properties": { "id": null, "LONG": 97.668665904536297 }, "geometry": { "type": "MultiLineString", "coordinates": [ [ [ -8.642968261892898, 42.052928581732878 ], [ -8.642796012849475, 42.053698268195653 ], [ -8.642781861390006, 42.053796695304463 ] ] ] } },
{ "type": "Feature", "properties": { "id": null, "LONG": 234.12546306064237 }, "geometry": { "type": "MultiLineString", "coordinates": [ [ [ -8.643903871299706, 42.059050107131277 ], [ -8.643604567110437, 42.058755681427748 ], [ -8.643542419263738, 42.058724259945947 ], [ -8.643485379967625, 42.058711314593971 ], [ -8.643382371153736, 42.058748447905415 ], [ -8.64324022197431, 42.058839937044652 ], [ -8.642912657577087, 42.059099814883155 ], [ -8.642677776945503, 42.059228468097523 ], [ -8.642475956801063, 42.059253341048667 ], [ -8.642404537270542, 42.059271880105335 ], [ -8.642278567776494, 42.059329369969817 ], [ -8.642155169285331, 42.059539234675292 ], [ -8.642083538501977, 42.059683717364244 ], [ -8.641973706771456, 42.05979357770233 ] ] ] } },
{ "type": "Feature", "properties": { "id": null, "LONG": 267.36538193197504 }, "geometry": { "type": "MultiLineString", "coordinates": [ [ [ -8.643542208755598, 42.050127280742551 ], [ -8.643394665867234, 42.050495821599633 ], [ -8.643335365970517, 42.050802995534902 ], [ -8.643226010831778, 42.051425658043449 ], [ -8.643180114927148, 42.051660866001846 ], [ -8.643101495272873, 42.05210088059718 ], [ -8.643036365726587, 42.052453717469056 ], [ -8.643038409614999, 42.052500129201803 ] ] ] } },
{ "type": "Feature", "properties": { "id": null, "LONG": 11.358922911056093 }, "geometry": { "type": "MultiLineString", "coordinates": [ [ [ -8.643533063559202, 42.050025243920807 ], [ -8.643542208755598, 42.050127280742551 ] ] ] } },
{ "type": "Feature", "properties": { "id": null, "LONG": 80.654590180554578 }, "geometry": { "type": "MultiLineString", "coordinates": [ [ [ -8.643919924410765, 42.048705685079796 ], [ -8.643448288611717, 42.049341057601474 ] ] ] } },
{ "type": "Feature", "properties": { "id": null, "LONG": 110.84456417106911 }, "geometry": { "type": "MultiLineString", "coordinates": [ [ [ -8.646269164589892, 42.051379398771871 ], [ -8.646120996870085, 42.051292415916365 ], [ -8.645154888773023, 42.050827017783973 ] ] ] } },
{ "type": "Feature", "properties": { "id": null, "LONG": 91.813351189941727 }, "geometry": { "type": "MultiLineString", "coordinates": [ [ [ -8.64445461639599, 42.050484285191999 ], [ -8.643751692171708, 42.050120077423585 ], [ -8.643533063559202, 42.050025243920807 ] ] ] } },
{ "type": "Feature", "properties": { "id": null, "LONG": 69.354101658133843 }, "geometry": { "type": "MultiLineString", "coordinates": [ [ [ -8.645154888773023, 42.050827017783973 ], [ -8.64445461639599, 42.050484285191999 ] ] ] } },
{ "type": "Feature", "properties": { "id": null, "LONG": 60.564301076512187 }, "geometry": { "type": "MultiLineString", "coordinates": [ [ [ -8.645519851139522, 42.05035445261742 ], [ -8.645154888773023, 42.050827017783973 ] ] ] } },
{ "type": "Feature", "properties": { "id": null, "LONG": 56.896826162373927 }, "geometry": { "type": "MultiLineString", "coordinates": [ [ [ -8.644730187716924, 42.05001503671933 ], [ -8.644513710079167, 42.050379955996988 ], [ -8.64445461639599, 42.050484285191999 ] ] ] } },
{ "type": "Feature", "properties": { "id": null, "LONG": 220.68793781522444 }, "geometry": { "type": "MultiLineString", "coordinates": [ [ [ -8.664830971241436, 42.049551146487417 ], [ -8.664528923478565, 42.049545418498866 ], [ -8.664168377800252, 42.049511958449202 ], [ -8.663745238495924, 42.049395732629399 ], [ -8.663502108758617, 42.049349671974426 ], [ -8.663209080551624, 42.049279173664608 ], [ -8.662547571095613, 42.049035899490939 ], [ -8.662317617294763, 42.048957487422825 ] ] ] } },
{ "type": "Feature", "properties": { "id": null, "LONG": 236.47460596782039 }, "geometry": { "type": "MultiLineString", "coordinates": [ [ [ -8.662317617294763, 42.048957487422825 ], [ -8.662178089692725, 42.048634776560263 ], [ -8.662246679921864, 42.048401726147652 ], [ -8.66230244917376, 42.048129801608667 ], [ -8.66223697054947, 42.047773272769071 ], [ -8.662224653064015, 42.047637192186642 ], [ -8.662476013700033, 42.047364185762603 ], [ -8.662703900829472, 42.047005313137937 ], [ -8.662706337937601, 42.046953487447134 ] ] ] } },
{ "type": "Feature", "properties": { "id": null, "LONG": 151.98309206940479 }, "geometry": { "type": "MultiLineString", "coordinates": [ [ [ -8.65850074552591, 42.047906175028054 ], [ -8.658440237926342, 42.04784465414383 ], [ -8.658380001148176, 42.047729487916719 ], [ -8.658367461070295, 42.047638745365859 ], [ -8.658400409494005, 42.047574059132572 ], [ -8.658442045888696, 42.047509398743863 ], [ -8.658494913088893, 42.047378348256132 ], [ -8.65854140762859, 42.047216521323229 ], [ -8.658551171032178, 42.04701572172052 ], [ -8.658528108098018, 42.046856903180434 ], [ -8.65849803251076, 42.04679365057148 ], [ -8.658305415820177, 42.046645711679631 ] ] ] } },
{ "type": "Feature", "properties": { "id": null, "LONG": 295.90718743079083 }, "geometry": { "type": "MultiLineString", "coordinates": [ [ [ -8.658305415820177, 42.046645711679631 ], [ -8.658577812518512, 42.046503975197943 ], [ -8.658861760803845, 42.04642177466706 ], [ -8.659072657076468, 42.046394877521784 ], [ -8.659285110534659, 42.0464136338123 ], [ -8.659457171670706, 42.046406760023586 ], [ -8.659621714715401, 42.046289768548391 ], [ -8.659781288367103, 42.046260032638699 ], [ -8.660222896444616, 42.046205621929367 ], [ -8.660567725044386, 42.046228124207381 ], [ -8.660874812908558, 42.046234402460314 ], [ -8.661090278698554, 42.046194760182637 ], [ -8.661474952486108, 42.045972526882665 ], [ -8.661606483829592, 42.045947729891488 ] ] ] } },
{ "type": "Feature", "properties": { "id": null, "LONG": 127.12340582742489 }, "geometry": { "type": "MultiLineString", "coordinates": [ [ [ -8.663403194105472, 42.045502730810199 ], [ -8.664146144360425, 42.045040367612188 ], [ -8.664420407086821, 42.044959920546816 ], [ -8.664688683615264, 42.0449228182895 ] ] ] } },
{ "type": "Feature", "properties": { "id": null, "LONG": 41.730927343040101 }, "geometry": { "type": "MultiLineString", "coordinates": [ [ [ -8.66252454509392, 42.045942545209016 ], [ -8.662590720858748, 42.045894162689812 ], [ -8.66291016714816, 42.04570099045948 ] ] ] } },
{ "type": "Feature", "properties": { "id": null, "LONG": 117.13651190073845 }, "geometry": { "type": "MultiLineString", "coordinates": [ [ [ -8.662706337937601, 42.046953487447134 ], [ -8.662667510208401, 42.04690154948949 ], [ -8.662536524058821, 42.046604757964225 ], [ -8.662439898161161, 42.046389054487776 ], [ -8.662425295654508, 42.046269151995105 ], [ -8.66252454509392, 42.045942545209016 ] ] ] } },
{ "type": "Feature", "properties": { "id": null, "LONG": 50.018235036491696 }, "geometry": { "type": "MultiLineString", "coordinates": [ [ [ -8.644118545139731, 42.044983731896735 ], [ -8.644053407374876, 42.045002990622905 ], [ -8.643874155337791, 42.045076541564207 ], [ -8.643687854808558, 42.045178404183027 ], [ -8.643618351550876, 42.045230324047758 ] ] ] } },
{ "type": "Feature", "properties": { "id": null, "LONG": 157.81834050617169 }, "geometry": { "type": "MultiLineString", "coordinates": [ [ [ -8.64366973590659, 42.047832676012796 ], [ -8.643302103898773, 42.047803856868661 ], [ -8.642381576240318, 42.047668082336919 ], [ -8.641793226217413, 42.047587350040047 ] ] ] } },
{ "type": "Feature", "properties": { "id": null, "LONG": 100.47762399208537 }, "geometry": { "type": "MultiLineString", "coordinates": [ [ [ -8.643143557321681, 42.045580120754089 ], [ -8.642739253523155, 42.045942278720283 ], [ -8.642489538339644, 42.046244178982811 ], [ -8.642445148154033, 42.046315687827772 ] ] ] } },
{ "type": "Feature", "properties": { "id": null, "LONG": 25.887680882621577 }, "geometry": { "type": "MultiLineString", "coordinates": [ [ [ -8.643977855230862, 42.047872405490423 ], [ -8.64366973590659, 42.047832676012796 ] ] ] } },
{ "type": "Feature", "properties": { "id": null, "LONG": 11.90676199519358 }, "geometry": { "type": "MultiLineString", "coordinates": [ [ [ -8.646117542970115, 42.047762837882402 ], [ -8.646254464576167, 42.047730034714746 ] ] ] } },
{ "type": "Feature", "properties": { "id": null, "LONG": 101.66588140250632 }, "geometry": { "type": "MultiLineString", "coordinates": [ [ [ -8.646254464576167, 42.047730034714746 ], [ -8.646143995831961, 42.047483850723019 ], [ -8.646111378677608, 42.047334213992492 ], [ -8.646142394649114, 42.047101732825148 ], [ -8.646191460242315, 42.04696343500558 ], [ -8.64628814402719, 42.04685833805415 ] ] ] } },
{ "type": "Feature", "properties": { "id": null, "LONG": 13.313922582223491 }, "geometry": { "type": "MultiLineString", "coordinates": [ [ [ -8.646127788937219, 42.046852908158947 ], [ -8.64614002857132, 42.046855269591887 ], [ -8.64628814402719, 42.04685833805415 ] ] ] } },
{ "type": "Feature", "properties": { "id": null, "LONG": 10.771809804401935 }, "geometry": { "type": "MultiLineString", "coordinates": [ [ [ -8.646097947442909, 42.047858710241371 ], [ -8.646117542970115, 42.047762837882402 ] ] ] } },
{ "type": "Feature", "properties": { "id": null, "LONG": 186.08780095172898 }, "geometry": { "type": "MultiLineString", "coordinates": [ [ [ -8.567781820787999, 42.055508583417925 ], [ -8.567793573044854, 42.05529211012481 ], [ -8.568972324830364, 42.055277539205363 ], [ -8.569013022509079, 42.054913656121315 ], [ -8.569300712918382, 42.054929020487378 ] ] ] } },
{ "type": "Feature", "properties": { "id": null, "LONG": 189.57995360448871 }, "geometry": { "type": "MultiLineString", "coordinates": [ [ [ -8.566122532320511, 42.055902841315351 ], [ -8.565976155261295, 42.055562428354577 ], [ -8.566379924206501, 42.055517696901788 ], [ -8.566612713964727, 42.055509902866412 ], [ -8.567082051811452, 42.055517447378122 ], [ -8.567781820787999, 42.055508583417925 ] ] ] } },
{ "type": "Feature", "properties": { "id": null, "LONG": 9.3777913699424857 }, "geometry": { "type": "MultiLineString", "coordinates": [ [ [ -8.663993598431317, 42.029624681927771 ], [ -8.663936295153556, 42.029632773223831 ], [ -8.663882340475718, 42.029640414960198 ] ] ] } },
{ "type": "Feature", "properties": { "id": null, "LONG": 34.465868779633759 }, "geometry": { "type": "MultiLineString", "coordinates": [ [ [ -8.644212851042555, 42.047616271098313 ], [ -8.643977855230862, 42.047872405490423 ] ] ] } },
{ "type": "Feature", "properties": { "id": null, "LONG": 32.281142493224074 }, "geometry": { "type": "MultiLineString", "coordinates": [ [ [ -8.644442222805933, 42.04738124794148 ], [ -8.644212851042555, 42.047616271098313 ] ] ] } },
{ "type": "Feature", "properties": { "id": null, "LONG": 33.854639822901895 }, "geometry": { "type": "MultiLineString", "coordinates": [ [ [ -8.644680270235343, 42.04713342211442 ], [ -8.644442222805933, 42.04738124794148 ] ] ] } },
{ "type": "Feature", "properties": { "id": null, "LONG": 23.840236515327906 }, "geometry": { "type": "MultiLineString", "coordinates": [ [ [ -8.644680270235343, 42.04713342211442 ], [ -8.644821160719166, 42.046946233198824 ] ] ] } },
{ "type": "Feature", "properties": { "id": null, "LONG": 10.904708641237864 }, "geometry": { "type": "MultiLineString", "coordinates": [ [ [ -8.644718230114679, 42.046884976592651 ], [ -8.644821160719166, 42.046946233198824 ] ] ] } },
{ "type": "Feature", "properties": { "id": null, "LONG": 17.788002469771815 }, "geometry": { "type": "MultiLineString", "coordinates": [ [ [ -8.644542320019914, 42.046793024882078 ], [ -8.644718230114679, 42.046884976592651 ] ] ] } },
{ "type": "Feature", "properties": { "id": null, "LONG": 28.68714158742991 }, "geometry": { "type": "MultiLineString", "coordinates": [ [ [ -8.645463294797773, 42.046768611686552 ], [ -8.645499100372524, 42.046766199922473 ], [ -8.645530119700926, 42.046765085931099 ], [ -8.645561173690126, 42.046764872210574 ], [ -8.645592215327422, 42.046765559084484 ], [ -8.645623197618809, 42.046767145512945 ], [ -8.645654073660118, 42.046769629094257 ], [ -8.645684796708014, 42.04677300606857 ], [ -8.645715320250767, 42.046777271323414 ], [ -8.645745598078648, 42.046782418401676 ], [ -8.645775584353887, 42.046788439511111 ], [ -8.645805233680059, 42.04679532553638 ] ] ] } },
{ "type": "Feature", "properties": { "id": null, "LONG": 9.2930516782555941 }, "geometry": { "type": "MultiLineString", "coordinates": [ [ [ -8.645353472468834, 42.046785912354188 ], [ -8.645463294797773, 42.046768611686552 ] ] ] } },
{ "type": "Feature", "properties": { "id": null, "LONG": 27.898494252275224 }, "geometry": { "type": "MultiLineString", "coordinates": [ [ [ -8.645017970345361, 42.046762424331718 ], [ -8.645353472468834, 42.046785912354188 ] ] ] } },
{ "type": "Feature", "properties": { "id": null, "LONG": 47.943046945218498 }, "geometry": { "type": "MultiLineString", "coordinates": [ [ [ -8.643038409614999, 42.052500129201803 ], [ -8.642968261892898, 42.052928581732878 ] ] ] } },
{ "type": "Feature", "properties": { "id": null, "LONG": 105.09586290524811 }, "geometry": { "type": "MultiLineString", "coordinates": [ [ [ -8.646055408057807, 42.049592209375938 ], [ -8.64603708322217, 42.049616958126457 ], [ -8.646024691752777, 42.049750550389973 ], [ -8.64592414215633, 42.049893115458701 ], [ -8.645800631003592, 42.050039017774893 ], [ -8.645614213534916, 42.05020054455823 ], [ -8.645447620510234, 42.050325821701477 ], [ -8.645519851139522, 42.05035445261742 ] ] ] } },
{ "type": "Feature", "properties": { "id": null, "LONG": 16.262470580697549 }, "geometry": { "type": "MultiLineString", "coordinates": [ [ [ -8.643284710826416, 42.045478304294676 ], [ -8.643143557321681, 42.045580120754089 ] ] ] } },
{ "type": "Feature", "properties": { "id": null, "LONG": 39.009698890509497 }, "geometry": { "type": "MultiLineString", "coordinates": [ [ [ -8.643618351550876, 42.045230324047758 ], [ -8.643333458556237, 42.045443141599073 ], [ -8.643284710826416, 42.045478304294676 ] ] ] } },
{ "type": "Feature", "properties": { "id": null, "LONG": 26.121258668384439 }, "geometry": { "type": "MultiLineString", "coordinates": [ [ [ -8.644821160719166, 42.046946233198824 ], [ -8.645017970345361, 42.046762424331718 ] ] ] } },
{ "type": "Feature", "properties": { "id": null, "LONG": 12.462906855543631 }, "geometry": { "type": "MultiLineString", "coordinates": [ [ [ -8.645820962656686, 42.0478878713066 ], [ -8.64597031641371, 42.047873819806092 ] ] ] } },
{ "type": "Feature", "properties": { "id": null, "LONG": 27.506152667097723 }, "geometry": { "type": "MultiLineString", "coordinates": [ [ [ -8.645805233680059, 42.04679532553638 ], [ -8.645983358235142, 42.046834476067112 ], [ -8.646127788937219, 42.046852908158947 ] ] ] } },
{ "type": "Feature", "properties": { "id": null, "LONG": 13.819450550079202 }, "geometry": { "type": "MultiLineString", "coordinates": [ [ [ -8.645795616833102, 42.048010845081542 ], [ -8.645820962656686, 42.0478878713066 ] ] ] } },
{ "type": "Feature", "properties": { "id": null, "LONG": 59.819446237836537 }, "geometry": { "type": "MultiLineString", "coordinates": [ [ [ -8.644535792416054, 42.048987348366424 ], [ -8.643919924410765, 42.048705685079796 ] ] ] } },
{ "type": "Feature", "properties": { "id": null, "LONG": 56.719870294435246 }, "geometry": { "type": "MultiLineString", "coordinates": [ [ [ -8.614016584165794, 42.081942516997472 ], [ -8.614165852375898, 42.082017016434243 ], [ -8.61435327476746, 42.082175752842623 ], [ -8.614446926926776, 42.082253487716486 ], [ -8.614475893377774, 42.082310487490481 ] ] ] } },
{ "type": "Feature", "properties": { "id": null, "LONG": 35.717972413976199 }, "geometry": { "type": "MultiLineString", "coordinates": [ [ [ -8.614643358424415, 42.082318959786306 ], [ -8.615020841634504, 42.082162977202046 ] ] ] } },
{ "type": "Feature", "properties": { "id": null, "LONG": 46.944960425413129 }, "geometry": { "type": "MultiLineString", "coordinates": [ [ [ -8.615020841634504, 42.082162977202046 ], [ -8.615584514416339, 42.082114929379323 ] ] ] } },
{ "type": "Feature", "properties": { "id": null, "LONG": 10.698851959756228 }, "geometry": { "type": "MultiLineString", "coordinates": [ [ [ -8.64597031641371, 42.047873819806092 ], [ -8.646097947442909, 42.047858710241371 ] ] ] } },
{ "type": "Feature", "properties": { "id": null, "LONG": 37.372044437341025 }, "geometry": { "type": "MultiLineString", "coordinates": [ [ [ -8.661606483829592, 42.045947729891488 ], [ -8.661834898940588, 42.04593107819295 ], [ -8.662056767324973, 42.045933708374292 ] ] ] } },
{ "type": "Feature", "properties": { "id": null, "LONG": 38.740293607724027 }, "geometry": { "type": "MultiLineString", "coordinates": [ [ [ -8.662056767324973, 42.045933708374292 ], [ -8.66252454509392, 42.045942545209016 ] ] ] } },
{ "type": "Feature", "properties": { "id": null, "LONG": 46.438699101629489 }, "geometry": { "type": "MultiLineString", "coordinates": [ [ [ -8.66291016714816, 42.04570099045948 ], [ -8.663134169620383, 42.045622777683747 ], [ -8.663403194105472, 42.045502730810199 ] ] ] } },
{ "type": "Feature", "properties": { "id": null, "LONG": 31.332908196114687 }, "geometry": { "type": "MultiLineString", "coordinates": [ [ [ -8.664086442912275, 42.032583345947636 ], [ -8.664020944070881, 42.032454900968979 ], [ -8.663970931976522, 42.03231511136029 ] ] ] } },
{ "type": "Feature", "properties": { "id": null, "LONG": 270.46654702380312 }, "geometry": { "type": "MultiLineString", "coordinates": [ [ [ -8.646899674123564, 42.059669133961563 ], [ -8.646493655169118, 42.059546655099496 ], [ -8.646268562576273, 42.059482391571052 ], [ -8.645846296304068, 42.059375219730839 ], [ -8.645751705725594, 42.059345854643716 ], [ -8.645395754568876, 42.059210476667161 ], [ -8.645000803553064, 42.059070797917201 ], [ -8.644867100959083, 42.05905931522156 ], [ -8.644709116729333, 42.059074056350127 ], [ -8.644340697614036, 42.059176760850249 ], [ -8.644210536243031, 42.05919989155332 ], [ -8.644121406569289, 42.0591926981798 ], [ -8.644043566852565, 42.059159231601903 ], [ -8.643958425005748, 42.059098056163918 ], [ -8.643903871299706, 42.059050107131277 ] ] ] } },
{ "type": "Feature", "properties": { "id": null, "LONG": 149.51008171984154 }, "geometry": { "type": "MultiLineString", "coordinates": [ [ [ -8.64510198239102, 42.048655823093711 ], [ -8.645170082558192, 42.04867216276611 ], [ -8.64524722627843, 42.048692042710613 ], [ -8.645450568795004, 42.048776805919417 ], [ -8.645475506989248, 42.048783988547342 ], [ -8.645565988113109, 42.048817689330583 ], [ -8.64579691844555, 42.048896051560419 ], [ -8.645830809058353, 42.048910178624915 ], [ -8.646093712002722, 42.048989016328356 ], [ -8.646270518674724, 42.049041029753646 ], [ -8.646442256518327, 42.049111698271858 ], [ -8.646611528611247, 42.049189141035328 ], [ -8.646697286993204, 42.049115237636073 ] ] ] } },
{ "type": "Feature", "properties": { "id": null, "LONG": 19.281526117232193 }, "geometry": { "type": "MultiLineString", "coordinates": [ [ [ -8.646697286993204, 42.049115237636073 ], [ -8.64677699444761, 42.048952128505618 ] ] ] } },
{ "type": "Feature", "properties": { "id": null, "LONG": 69.33975105159692 }, "geometry": { "type": "MultiLineString", "coordinates": [ [ [ -8.658174378897639, 42.048474378744395 ], [ -8.658222492304796, 42.048333153044666 ], [ -8.658353969249605, 42.048063269429171 ], [ -8.65850074552591, 42.047906175028054 ] ] ] } },
{ "type": "Feature", "properties": { "id": null, "LONG": 242.76153312293366 }, "geometry": { "type": "MultiLineString", "coordinates": [ [ [ -8.64677699444761, 42.048952128505618 ], [ -8.646827812092573, 42.048848137486992 ], [ -8.646803873085165, 42.048718368304918 ], [ -8.646716351788145, 42.048488890352054 ], [ -8.646577628873471, 42.04820926898882 ], [ -8.646459505831329, 42.047928251261311 ], [ -8.646269124530523, 42.047530367169053 ], [ -8.646234684157855, 42.047451525555076 ], [ -8.64622047139963, 42.047214624452565 ], [ -8.646229922230013, 42.047117705417683 ], [ -8.646312674413208, 42.046928223476826 ], [ -8.646290704637581, 42.04689554317607 ], [ -8.64628814402719, 42.04685833805415 ] ] ] } },
{ "type": "Feature", "properties": { "id": null, "LONG": 113.69925241458057 }, "geometry": { "type": "MultiLineString", "coordinates": [ [ [ -8.64667976477323, 42.048703324553081 ], [ -8.646437577862487, 42.048138200464592 ], [ -8.646254464576167, 42.047730034714746 ] ] ] } },
{ "type": "Feature", "properties": { "id": null, "LONG": 24.951132328162188 }, "geometry": { "type": "MultiLineString", "coordinates": [ [ [ -8.646504004896803, 42.04639843379401 ], [ -8.64656588254587, 42.046178584674777 ] ] ] } },
{ "type": "Feature", "properties": { "id": null, "LONG": 54.119332342220027 }, "geometry": { "type": "MultiLineString", "coordinates": [ [ [ -8.64628814402719, 42.04685833805415 ], [ -8.646504004896803, 42.04639843379401 ] ] ] } },
{ "type": "Feature", "properties": { "id": null, "LONG": 45.298834820657 }, "geometry": { "type": "MultiLineString", "coordinates": [ [ [ -8.560886662953171, 42.103930109783093 ], [ -8.5605622988883, 42.103601518684684 ] ] ] } },
{ "type": "Feature", "properties": { "id": null, "LONG": 18.324638355973068 }, "geometry": { "type": "MultiLineString", "coordinates": [ [ [ -8.560783416818467, 42.103591386338927 ], [ -8.5605622988883, 42.103601518684684 ] ] ] } },
{ "type": "Feature", "properties": { "id": null, "LONG": 201.88842322568104 }, "geometry": { "type": "MultiLineString", "coordinates": [ [ [ -8.5605622988883, 42.103601518684684 ], [ -8.55919003896601, 42.102098424075955 ] ] ] } },
{ "type": "Feature", "properties": { "id": null, "LONG": 18.180759672653853 }, "geometry": { "type": "MultiLineString", "coordinates": [ [ [ -8.55867642452748, 42.101521845516402 ], [ -8.558611161238098, 42.101365548223406 ] ] ] } },
{ "type": "Feature", "properties": { "id": null, "LONG": 17.490029808184111 }, "geometry": { "type": "MultiLineString", "coordinates": [ [ [ -8.558611161238098, 42.101365548223406 ], [ -8.558428992513518, 42.1014454823978 ] ] ] } },
{ "type": "Feature", "properties": { "id": null, "LONG": 134.30519710632342 }, "geometry": { "type": "MultiLineString", "coordinates": [ [ [ -8.558428992513518, 42.1014454823978 ], [ -8.557270632788356, 42.102292752922303 ] ] ] } },
{ "type": "Feature", "properties": { "id": null, "LONG": 7.5563333201968224 }, "geometry": { "type": "MultiLineString", "coordinates": [ [ [ -8.55919003896601, 42.102098424075955 ], [ -8.559136396347238, 42.102043359533667 ] ] ] } },
{ "type": "Feature", "properties": { "id": null, "LONG": 59.997852477549905 }, "geometry": { "type": "MultiLineString", "coordinates": [ [ [ -8.557860356189172, 42.102607236224927 ], [ -8.557270632788356, 42.102292752922303 ] ] ] } },
{ "type": "Feature", "properties": { "id": null, "LONG": 69.305412058884599 }, "geometry": { "type": "MultiLineString", "coordinates": [ [ [ -8.559136396347238, 42.102043359533667 ], [ -8.55867642452748, 42.101521845516402 ] ] ] } },
{ "type": "Feature", "properties": { "id": null, "LONG": 336.43284090193788 }, "geometry": { "type": "MultiLineString", "coordinates": [ [ [ -8.542215110187042, 42.111111230597913 ], [ -8.54212637494259, 42.11100042129199 ], [ -8.542078473445615, 42.110827666302875 ], [ -8.542098824943249, 42.110436866980635 ], [ -8.542028894693507, 42.110150290412129 ], [ -8.542013964035858, 42.110029967497368 ], [ -8.542026305185406, 42.10929010859433 ], [ -8.542007315302403, 42.109001114370813 ], [ -8.541899596989754, 42.108113727501902 ] ] ] } },
{ "type": "Feature", "properties": { "id": null, "LONG": 35.491929949196063 }, "geometry": { "type": "MultiLineString", "coordinates": [ [ [ -8.564852055504037, 42.109880014257136 ], [ -8.564458573143861, 42.109752518535359 ] ] ] } },
{ "type": "Feature", "properties": { "id": null, "LONG": 20.360149014223079 }, "geometry": { "type": "MultiLineString", "coordinates": [ [ [ -8.565069243863356, 42.109966300499536 ], [ -8.564852055504037, 42.109880014257136 ] ] ] } },
{ "type": "Feature", "properties": { "id": null, "LONG": 787.99781966419766 }, "geometry": { "type": "MultiLineString", "coordinates": [ [ [ -8.564458573143861, 42.109752518535359 ], [ -8.563127802044518, 42.109405608408494 ], [ -8.56283707722209, 42.109314655647715 ], [ -8.562705432344107, 42.109200203587029 ], [ -8.562614906962063, 42.108669550652301 ], [ -8.562566671889231, 42.108408595519897 ], [ -8.562321209875448, 42.108155653684562 ], [ -8.562280627847967, 42.107996078618378 ], [ -8.562324859441429, 42.107847544184544 ], [ -8.562565894615538, 42.107440616609061 ], [ -8.562589008531438, 42.107299854808602 ], [ -8.562569796500311, 42.107212793885857 ], [ -8.562517915635464, 42.107115199875921 ], [ -8.562271653624533, 42.106754242534635 ], [ -8.562175733070417, 42.106607782242314 ], [ -8.562080662786522, 42.106337840592971 ], [ -8.56189626721836, 42.105761071581739 ], [ -8.561806794564955, 42.105506532624538 ], [ -8.561599451514514, 42.10484833373593 ], [ -8.561428448598276, 42.104468575604329 ], [ -8.561226994241293, 42.104237713025597 ], [ -8.56106628429257, 42.104072746648647 ], [ -8.560886662953171, 42.103930109783093 ] ] ] } },
{ "type": "Feature", "properties": { "id": null, "LONG": 40.478929863444243 }, "geometry": { "type": "MultiLineString", "coordinates": [ [ [ -8.541994235813426, 42.107564956875642 ], [ -8.542329919178522, 42.107299766946952 ] ] ] } },
{ "type": "Feature", "properties": { "id": null, "LONG": 17.959483258802667 }, "geometry": { "type": "MultiLineString", "coordinates": [ [ [ -8.541890007556029, 42.10770679876245 ], [ -8.541994235813426, 42.107564956875642 ] ] ] } },
{ "type": "Feature", "properties": { "id": null, "LONG": 24.892838351930656 }, "geometry": { "type": "MultiLineString", "coordinates": [ [ [ -8.541925735810686, 42.107929321620411 ], [ -8.541890007556029, 42.10770679876245 ] ] ] } },
{ "type": "Feature", "properties": { "id": null, "LONG": 20.596733688722114 }, "geometry": { "type": "MultiLineString", "coordinates": [ [ [ -8.541899596989754, 42.108113727501902 ], [ -8.541925735810686, 42.107929321620411 ] ] ] } },
{ "type": "Feature", "properties": { "id": null, "LONG": 729.42098499439646 }, "geometry": { "type": "MultiLineString", "coordinates": [ [ [ -8.542329919178522, 42.107299766946952 ], [ -8.54263160840191, 42.107144678380457 ], [ -8.542981659907634, 42.107050640521166 ], [ -8.543505722967176, 42.106925924433597 ], [ -8.543687525739164, 42.106785453097636 ], [ -8.543834616140947, 42.106592569928559 ], [ -8.543974765833649, 42.106389193461965 ], [ -8.544038330393473, 42.106341081305011 ], [ -8.544201659591764, 42.106332579603617 ], [ -8.545025659382937, 42.106486176645824 ], [ -8.545283785741475, 42.106478049226894 ], [ -8.545642508714675, 42.106393188168639 ], [ -8.546036234688746, 42.106326765616792 ], [ -8.547236181295778, 42.106196841681808 ], [ -8.547501354577397, 42.106187422132059 ], [ -8.547724598691918, 42.106145161239176 ], [ -8.548009792194581, 42.106036478035222 ], [ -8.548589805277025, 42.105691021282958 ], [ -8.548871396079512, 42.105590157384604 ], [ -8.549258330530861, 42.105491021576036 ], [ -8.549562420319253, 42.105437312178793 ], [ -8.550277486716526, 42.105438297529581 ] ] ] } },
{ "type": "Feature", "properties": { "id": null, "LONG": 66.236607956237776 }, "geometry": { "type": "MultiLineString", "coordinates": [ [ [ -8.665723662668126, 42.037793508595833 ], [ -8.666055749604837, 42.037250994259438 ] ] ] } },
{ "type": "Feature", "properties": { "id": null, "LONG": 176.3559862193764 }, "geometry": { "type": "MultiLineString", "coordinates": [ [ [ -8.642612344846063, 42.054672678081538 ], [ -8.642560965270096, 42.054952102418135 ], [ -8.642409683760317, 42.055764320303503 ], [ -8.642324111224504, 42.056245803026471 ] ] ] } },
{ "type": "Feature", "properties": { "id": null, "LONG": 140.85865220752549 }, "geometry": { "type": "MultiLineString", "coordinates": [ [ [ -8.642276033719295, 42.056567209901161 ], [ -8.642046372649219, 42.057504144464367 ], [ -8.641989819220566, 42.05781702703721 ] ] ] } },
{ "type": "Feature", "properties": { "id": null, "LONG": 35.921208833808151 }, "geometry": { "type": "MultiLineString", "coordinates": [ [ [ -8.642324111224504, 42.056245803026471 ], [ -8.642276033719295, 42.056567209901161 ] ] ] } },
{ "type": "Feature", "properties": { "id": null, "LONG": 98.308029515799049 }, "geometry": { "type": "MultiLineString", "coordinates": [ [ [ -8.642781861390006, 42.053796695304463 ], [ -8.642687411113682, 42.054264430725866 ], [ -8.642612344846063, 42.054672678081538 ] ] ] } },
{ "type": "Feature", "properties": { "id": null, "LONG": 176.3559862193764 }, "geometry": { "type": "MultiLineString", "coordinates": [ [ [ -8.642612344846063, 42.054672678081538 ], [ -8.642560965270096, 42.054952102418135 ], [ -8.642409683760317, 42.055764320303503 ], [ -8.642324111224504, 42.056245803026471 ] ] ] } },
{ "type": "Feature", "properties": { "id": null, "LONG": 140.85865220752549 }, "geometry": { "type": "MultiLineString", "coordinates": [ [ [ -8.642276033719295, 42.056567209901161 ], [ -8.642046372649219, 42.057504144464367 ], [ -8.641989819220566, 42.05781702703721 ] ] ] } },
{ "type": "Feature", "properties": { "id": null, "LONG": 35.921208833808151 }, "geometry": { "type": "MultiLineString", "coordinates": [ [ [ -8.642324111224504, 42.056245803026471 ], [ -8.642276033719295, 42.056567209901161 ] ] ] } },
{ "type": "Feature", "properties": { "id": null, "LONG": 98.308029515799049 }, "geometry": { "type": "MultiLineString", "coordinates": [ [ [ -8.642781861390006, 42.053796695304463 ], [ -8.642687411113682, 42.054264430725866 ], [ -8.642612344846063, 42.054672678081538 ] ] ] } },
{ "type": "Feature", "properties": { "id": null, "LONG": 31.825527982027339 }, "geometry": { "type": "MultiLineString", "coordinates": [ [ [ -8.633016284997028, 42.213049637875081 ], [ -8.632737594795902, 42.212851723820251 ] ] ] } },
{ "type": "Feature", "properties": { "id": null, "LONG": 33.647067599763851 }, "geometry": { "type": "MultiLineString", "coordinates": [ [ [ -8.632737594795902, 42.212851723820251 ], [ -8.63242744708363, 42.212655257372163 ] ] ] } },
{ "type": "Feature", "properties": { "id": null, "LONG": 23.491535225146755 }, "geometry": { "type": "MultiLineString", "coordinates": [ [ [ -8.63242744708363, 42.212655257372163 ], [ -8.632230735812902, 42.212502474194245 ] ] ] } },
{ "type": "Feature", "properties": { "id": null, "LONG": 37.017737800964426 }, "geometry": { "type": "MultiLineString", "coordinates": [ [ [ -8.633264111930391, 42.210042582026652 ], [ -8.633089657164229, 42.209735593165803 ] ] ] } },
{ "type": "Feature", "properties": { "id": null, "LONG": 77.724439477763326 }, "geometry": { "type": "MultiLineString", "coordinates": [ [ [ -8.632327653261015, 42.210002613379693 ], [ -8.632826266553591, 42.210052817549538 ], [ -8.633264111930391, 42.210042582026652 ] ] ] } },
{ "type": "Feature", "properties": { "id": null, "LONG": 43.723391935107365 }, "geometry": { "type": "MultiLineString", "coordinates": [ [ [ -8.631822469376072, 42.210105601443409 ], [ -8.632061704373353, 42.210027104433919 ], [ -8.632327653261015, 42.210002613379693 ] ] ] } },
{ "type": "Feature", "properties": { "id": null, "LONG": 56.04279244312248 }, "geometry": { "type": "MultiLineString", "coordinates": [ [ [ -8.631967430849462, 42.210598496061024 ], [ -8.631822469376072, 42.210105601443409 ] ] ] } },
{ "type": "Feature", "properties": { "id": null, "LONG": 38.737078861111669 }, "geometry": { "type": "MultiLineString", "coordinates": [ [ [ -8.632308113042518, 42.211165977853533 ], [ -8.632099575961981, 42.210853591588275 ] ] ] } },
{ "type": "Feature", "properties": { "id": null, "LONG": 45.719742660456745 }, "geometry": { "type": "MultiLineString", "coordinates": [ [ [ -8.632499214333761, 42.211552285747338 ], [ -8.632308113042518, 42.211165977853533 ] ] ] } },
{ "type": "Feature", "properties": { "id": null, "LONG": 28.412771398584098 }, "geometry": { "type": "MultiLineString", "coordinates": [ [ [ -8.632641414163581, 42.211785212254561 ], [ -8.632499214333761, 42.211552285747338 ] ] ] } },
{ "type": "Feature", "properties": { "id": null, "LONG": 42.100128848530574 }, "geometry": { "type": "MultiLineString", "coordinates": [ [ [ -8.632869720536505, 42.212124103302919 ], [ -8.632641414163581, 42.211785212254561 ] ] ] } },
{ "type": "Feature", "properties": { "id": null, "LONG": 31.503771152476347 }, "geometry": { "type": "MultiLineString", "coordinates": [ [ [ -8.632539141130586, 42.212265686829319 ], [ -8.632869720536505, 42.212124103302919 ] ] ] } },
{ "type": "Feature", "properties": { "id": null, "LONG": 36.610410228226435 }, "geometry": { "type": "MultiLineString", "coordinates": [ [ [ -8.632230735812902, 42.212502474194245 ], [ -8.632539141130586, 42.212265686829319 ] ] ] } },
{ "type": "Feature", "properties": { "id": null, "LONG": 30.363895208569257 }, "geometry": { "type": "MultiLineString", "coordinates": [ [ [ -8.632099575961981, 42.210853591588275 ], [ -8.631967430849462, 42.210598496061024 ] ] ] } },
{ "type": "Feature", "properties": { "id": null, "LONG": 63.120612978750842 }, "geometry": { "type": "MultiLineString", "coordinates": [ [ [ -8.628667683754466, 42.206582570608568 ], [ -8.628004528403157, 42.206300020993126 ] ] ] } },
{ "type": "Feature", "properties": { "id": null, "LONG": 28.147190589322772 }, "geometry": { "type": "MultiLineString", "coordinates": [ [ [ -8.628946668894939, 42.206728142404693 ], [ -8.628667683754466, 42.206582570608568 ] ] ] } },
{ "type": "Feature", "properties": { "id": null, "LONG": 39.409860338638318 }, "geometry": { "type": "MultiLineString", "coordinates": [ [ [ -8.629197200972435, 42.207030114949895 ], [ -8.628946668894939, 42.206728142404693 ] ] ] } },
{ "type": "Feature", "properties": { "id": null, "LONG": 28.083155002550249 }, "geometry": { "type": "MultiLineString", "coordinates": [ [ [ -8.63341125864831, 42.210270515942703 ], [ -8.633264111930391, 42.210042582026652 ] ] ] } },
{ "type": "Feature", "properties": { "id": null, "LONG": 47.594832606988504 }, "geometry": { "type": "MultiLineString", "coordinates": [ [ [ -8.629722453641412, 42.207206480226397 ], [ -8.629197200972435, 42.207030114949895 ] ] ] } },
{ "type": "Feature", "properties": { "id": null, "LONG": 39.291000418019301 }, "geometry": { "type": "MultiLineString", "coordinates": [ [ [ -8.630553775144888, 42.207615210663519 ], [ -8.630224316807421, 42.207360008723825 ] ] ] } },
{ "type": "Feature", "properties": { "id": null, "LONG": 55.229492477669986 }, "geometry": { "type": "MultiLineString", "coordinates": [ [ [ -8.624779820744342, 42.204996244866209 ], [ -8.624144137539652, 42.205150693759514 ] ] ] } },
{ "type": "Feature", "properties": { "id": null, "LONG": 44.516004673488219 }, "geometry": { "type": "MultiLineString", "coordinates": [ [ [ -8.631011902768327, 42.207826415429857 ], [ -8.630553775144888, 42.207615210663519 ] ] ] } },
{ "type": "Feature", "properties": { "id": null, "LONG": 44.833569865325387 }, "geometry": { "type": "MultiLineString", "coordinates": [ [ [ -8.631299295432655, 42.208168850217355 ], [ -8.631011902768327, 42.207826415429857 ] ] ] } },
{ "type": "Feature", "properties": { "id": null, "LONG": 36.541736330689147 }, "geometry": { "type": "MultiLineString", "coordinates": [ [ [ -8.631616227461439, 42.208398430862026 ], [ -8.631299295432655, 42.208168850217355 ] ] ] } },
{ "type": "Feature", "properties": { "id": null, "LONG": 45.482848832734405 }, "geometry": { "type": "MultiLineString", "coordinates": [ [ [ -8.632045170304204, 42.20865528085487 ], [ -8.631616227461439, 42.208398430862026 ] ] ] } },
{ "type": "Feature", "properties": { "id": null, "LONG": 49.654101085937704 }, "geometry": { "type": "MultiLineString", "coordinates": [ [ [ -8.632481052836583, 42.208963208297988 ], [ -8.632045170304204, 42.20865528085487 ] ] ] } },
{ "type": "Feature", "properties": { "id": null, "LONG": 57.360561889022222 }, "geometry": { "type": "MultiLineString", "coordinates": [ [ [ -8.632883710274269, 42.20938399401205 ], [ -8.632481052836583, 42.208963208297988 ] ] ] } },
{ "type": "Feature", "properties": { "id": null, "LONG": 42.596945016228986 }, "geometry": { "type": "MultiLineString", "coordinates": [ [ [ -8.633089657164229, 42.209735593165803 ], [ -8.632883710274269, 42.20938399401205 ] ] ] } },
{ "type": "Feature", "properties": { "id": null, "LONG": 44.815979901198638 }, "geometry": { "type": "MultiLineString", "coordinates": [ [ [ -8.630224316807421, 42.207360008723825 ], [ -8.629722453641412, 42.207206480226397 ] ] ] } },
{ "type": "Feature", "properties": { "id": null, "LONG": 73.017053289378467 }, "geometry": { "type": "MultiLineString", "coordinates": [ [ [ -8.625598938798253, 42.205243695143032 ], [ -8.624779820744342, 42.204996244866209 ] ] ] } },
{ "type": "Feature", "properties": { "id": null, "LONG": 48.035348713312779 }, "geometry": { "type": "MultiLineString", "coordinates": [ [ [ -8.626659086794175, 42.205730095410317 ], [ -8.62617600035817, 42.205489234533815 ] ] ] } },
{ "type": "Feature", "properties": { "id": null, "LONG": 80.183507477098019 }, "geometry": { "type": "MultiLineString", "coordinates": [ [ [ -8.627503580603184, 42.206086312420126 ], [ -8.626659086794175, 42.205730095410317 ] ] ] } },
{ "type": "Feature", "properties": { "id": null, "LONG": 47.696420655208023 }, "geometry": { "type": "MultiLineString", "coordinates": [ [ [ -8.628004528403157, 42.206300020993126 ], [ -8.627503580603184, 42.206086312420126 ] ] ] } },
{ "type": "Feature", "properties": { "id": null, "LONG": 54.908584699893176 }, "geometry": { "type": "MultiLineString", "coordinates": [ [ [ -8.62617600035817, 42.205489234533815 ], [ -8.625598938798253, 42.205243695143032 ] ] ] } },
{ "type": "Feature", "properties": { "id": null, "LONG": 43.724089560470063 }, "geometry": { "type": "MultiLineString", "coordinates": [ [ [ -8.636213386358873, 42.214802245872505 ], [ -8.63583317592918, 42.214850889388003 ], [ -8.635709935680502, 42.214905868874396 ] ] ] } },
{ "type": "Feature", "properties": { "id": null, "LONG": 37.662071556920743 }, "geometry": { "type": "MultiLineString", "coordinates": [ [ [ -8.633824208554739, 42.213761088668839 ], [ -8.633542651621308, 42.213494341194369 ] ] ] } },
{ "type": "Feature", "properties": { "id": null, "LONG": 22.447811971922921 }, "geometry": { "type": "MultiLineString", "coordinates": [ [ [ -8.633966623756706, 42.213933230534948 ], [ -8.633824208554739, 42.213761088668839 ] ] ] } },
{ "type": "Feature", "properties": { "id": null, "LONG": 51.620754105319875 }, "geometry": { "type": "MultiLineString", "coordinates": [ [ [ -8.634469863714124, 42.214193064231914 ], [ -8.634247333279902, 42.21402202753071 ], [ -8.633966623756706, 42.213933230534948 ] ] ] } },
{ "type": "Feature", "properties": { "id": null, "LONG": 37.689765984627925 }, "geometry": { "type": "MultiLineString", "coordinates": [ [ [ -8.634676735925666, 42.214495524770697 ], [ -8.634469863714124, 42.214193064231914 ] ] ] } },
{ "type": "Feature", "properties": { "id": null, "LONG": 46.408058556086509 }, "geometry": { "type": "MultiLineString", "coordinates": [ [ [ -8.634983883768536, 42.214845416065664 ], [ -8.634676735925666, 42.214495524770697 ] ] ] } },
{ "type": "Feature", "properties": { "id": null, "LONG": 63.461560244983104 }, "geometry": { "type": "MultiLineString", "coordinates": [ [ [ -8.635709935680502, 42.214905868874396 ], [ -8.635322189254104, 42.2149627815743 ], [ -8.634983883768536, 42.214845416065664 ] ] ] } },
{ "type": "Feature", "properties": { "id": null, "LONG": 65.796120124999646 }, "geometry": { "type": "MultiLineString", "coordinates": [ [ [ -8.633542651621308, 42.213494341194369 ], [ -8.633016284997028, 42.213049637875081 ] ] ] } },
{ "type": "Feature", "properties": { "id": null, "LONG": 44.576468474417808 }, "geometry": { "type": "MultiLineString", "coordinates": [ [ [ -8.637261894546695, 42.21472501383623 ], [ -8.636993484172345, 42.214791594723913 ], [ -8.636741115120619, 42.214827274290016 ] ] ] } },
{ "type": "Feature", "properties": { "id": null, "LONG": 43.663963028204755 }, "geometry": { "type": "MultiLineString", "coordinates": [ [ [ -8.636741115120619, 42.214827274290016 ], [ -8.636213386358873, 42.214802245872505 ] ] ] } },
{ "type": "Feature", "properties": { "id": null, "LONG": 76.517624629719734 }, "geometry": { "type": "MultiLineString", "coordinates": [ [ [ -8.632031754387416, 42.220343962070089 ], [ -8.63137798407395, 42.219855711780028 ] ] ] } },
{ "type": "Feature", "properties": { "id": null, "LONG": 40.133124449021835 }, "geometry": { "type": "MultiLineString", "coordinates": [ [ [ -8.632004093820576, 42.220704683805849 ], [ -8.632031754387416, 42.220343962070089 ] ] ] } },
{ "type": "Feature", "properties": { "id": null, "LONG": 22.507894685422997 }, "geometry": { "type": "MultiLineString", "coordinates": [ [ [ -8.631954421641163, 42.220903923956968 ], [ -8.632004093820576, 42.220704683805849 ] ] ] } },
{ "type": "Feature", "properties": { "id": null, "LONG": 27.438809759899858 }, "geometry": { "type": "MultiLineString", "coordinates": [ [ [ -8.63223209997782, 42.221039647906338 ], [ -8.631954421641163, 42.220903923956968 ] ] ] } },
{ "type": "Feature", "properties": { "id": null, "LONG": 50.192851861805565 }, "geometry": { "type": "MultiLineString", "coordinates": [ [ [ -8.632772385504417, 42.220832495717502 ], [ -8.63223209997782, 42.221039647906338 ] ] ] } },
{ "type": "Feature", "properties": { "id": null, "LONG": 40.944704436749085 }, "geometry": { "type": "MultiLineString", "coordinates": [ [ [ -8.633237708608403, 42.220777010608884 ], [ -8.63301303972038, 42.220745886763865 ], [ -8.632772385504417, 42.220832495717502 ] ] ] } },
{ "type": "Feature", "properties": { "id": null, "LONG": 86.845236432318316 }, "geometry": { "type": "MultiLineString", "coordinates": [ [ [ -8.632254831139731, 42.219761681466302 ], [ -8.631699075223727, 42.219554788852356 ], [ -8.63126976219408, 42.21957618656301 ] ] ] } },
{ "type": "Feature", "properties": { "id": null, "LONG": 38.525998721533497 }, "geometry": { "type": "MultiLineString", "coordinates": [ [ [ -8.63313649581556, 42.220605756346202 ], [ -8.632895495626357, 42.220308759027539 ] ] ] } },
{ "type": "Feature", "properties": { "id": null, "LONG": 20.777083889458446 }, "geometry": { "type": "MultiLineString", "coordinates": [ [ [ -8.633237708608403, 42.220777010608884 ], [ -8.63313649581556, 42.220605756346202 ] ] ] } },
{ "type": "Feature", "properties": { "id": null, "LONG": 29.616733830843845 }, "geometry": { "type": "MultiLineString", "coordinates": [ [ [ -8.633351196159142, 42.221029946135332 ], [ -8.633237708608403, 42.220777010608884 ] ] ] } },
{ "type": "Feature", "properties": { "id": null, "LONG": 15.913143194921762 }, "geometry": { "type": "MultiLineString", "coordinates": [ [ [ -8.633537926212055, 42.220994454595129 ], [ -8.633351196159142, 42.221029946135332 ] ] ] } },
{ "type": "Feature", "properties": { "id": null, "LONG": 80.565326202851395 }, "geometry": { "type": "MultiLineString", "coordinates": [ [ [ -8.632895495626357, 42.220308759027539 ], [ -8.632254831139731, 42.219761681466302 ] ] ] } },
{ "type": "Feature", "properties": { "id": null, "LONG": 31.649918052518053 }, "geometry": { "type": "MultiLineString", "coordinates": [ [ [ -8.62995787828714, 42.214786433717464 ], [ -8.62957576441735, 42.214764008569155 ] ] ] } },
{ "type": "Feature", "properties": { "id": null, "LONG": 44.112059213642979 }, "geometry": { "type": "MultiLineString", "coordinates": [ [ [ -8.630471379322934, 42.214676888151871 ], [ -8.62995787828714, 42.214786433717464 ] ] ] } },
{ "type": "Feature", "properties": { "id": null, "LONG": 23.745673176921713 }, "geometry": { "type": "MultiLineString", "coordinates": [ [ [ -8.630715414008224, 42.214767683103901 ], [ -8.630601896090374, 42.214687899949489 ], [ -8.630471379322934, 42.214676888151871 ] ] ] } },
{ "type": "Feature", "properties": { "id": null, "LONG": 43.607194106539325 }, "geometry": { "type": "MultiLineString", "coordinates": [ [ [ -8.630577838290657, 42.215146712014736 ], [ -8.630715414008224, 42.214767683103901 ] ] ] } },
{ "type": "Feature", "properties": { "id": null, "LONG": 24.114979887616876 }, "geometry": { "type": "MultiLineString", "coordinates": [ [ [ -8.630512513355949, 42.215358312018594 ], [ -8.630577838290657, 42.215146712014736 ] ] ] } },
{ "type": "Feature", "properties": { "id": null, "LONG": 58.83966978602961 }, "geometry": { "type": "MultiLineString", "coordinates": [ [ [ -8.629966787136297, 42.215698945769219 ], [ -8.630512513355949, 42.215358312018594 ] ] ] } },
{ "type": "Feature", "properties": { "id": null, "LONG": 54.108704691897799 }, "geometry": { "type": "MultiLineString", "coordinates": [ [ [ -8.629802730159149, 42.216146732480723 ], [ -8.629787521669646, 42.21590664725457 ], [ -8.629966787136297, 42.215698945769219 ] ] ] } },
{ "type": "Feature", "properties": { "id": null, "LONG": 36.136329565024802 }, "geometry": { "type": "MultiLineString", "coordinates": [ [ [ -8.629853086266699, 42.216469897227128 ], [ -8.629802730159149, 42.216146732480723 ] ] ] } },
{ "type": "Feature", "properties": { "id": null, "LONG": 47.592093132549927 }, "geometry": { "type": "MultiLineString", "coordinates": [ [ [ -8.629983644133855, 42.216883347719111 ], [ -8.629847873116672, 42.216549307036075 ], [ -8.629853086266699, 42.216469897227128 ] ] ] } },
{ "type": "Feature", "properties": { "id": null, "LONG": 66.812996876991619 }, "geometry": { "type": "MultiLineString", "coordinates": [ [ [ -8.629897061025153, 42.217481393396987 ], [ -8.629983644133855, 42.216883347719111 ] ] ] } },
{ "type": "Feature", "properties": { "id": null, "LONG": 28.528393656945344 }, "geometry": { "type": "MultiLineString", "coordinates": [ [ [ -8.62994542167546, 42.21773569838021 ], [ -8.629897061025153, 42.217481393396987 ] ] ] } },
{ "type": "Feature", "properties": { "id": null, "LONG": 30.206694512779212 }, "geometry": { "type": "MultiLineString", "coordinates": [ [ [ -8.62957576441735, 42.214764008569155 ], [ -8.629218368831234, 42.214705970039034 ] ] ] } },
{ "type": "Feature", "properties": { "id": null, "LONG": 54.994864068114552 }, "geometry": { "type": "MultiLineString", "coordinates": [ [ [ -8.629218368831234, 42.214705970039034 ], [ -8.628772414918501, 42.214756665226098 ], [ -8.628557555172334, 42.214759256990945 ] ] ] } },
{ "type": "Feature", "properties": { "id": null, "LONG": 37.186744097501453 }, "geometry": { "type": "MultiLineString", "coordinates": [ [ [ -8.629850207815624, 42.218062913532897 ], [ -8.62994542167546, 42.21773569838021 ] ] ] } },
{ "type": "Feature", "properties": { "id": null, "LONG": 29.590977415105971 }, "geometry": { "type": "MultiLineString", "coordinates": [ [ [ -8.629723625156826, 42.218312142735066 ], [ -8.629850207815624, 42.218062913532897 ] ] ] } },
{ "type": "Feature", "properties": { "id": null, "LONG": 44.506429778538561 }, "geometry": { "type": "MultiLineString", "coordinates": [ [ [ -8.629947147849908, 42.218662335697559 ], [ -8.629734744371643, 42.218439248586535 ], [ -8.629723625156826, 42.218312142735066 ] ] ] } },
{ "type": "Feature", "properties": { "id": null, "LONG": 49.493745928863106 }, "geometry": { "type": "MultiLineString", "coordinates": [ [ [ -8.630338030080019, 42.219000152440159 ], [ -8.629947147849908, 42.218662335697559 ] ] ] } },
{ "type": "Feature", "properties": { "id": null, "LONG": 41.736786112693146 }, "geometry": { "type": "MultiLineString", "coordinates": [ [ [ -8.630542002166514, 42.219343949767911 ], [ -8.630338030080019, 42.219000152440159 ] ] ] } },
{ "type": "Feature", "properties": { "id": null, "LONG": 67.259058590772611 }, "geometry": { "type": "MultiLineString", "coordinates": [ [ [ -8.63137798407395, 42.219855711780028 ], [ -8.630659551919539, 42.219570278647424 ] ] ] } },
{ "type": "Feature", "properties": { "id": null, "LONG": 26.948472709368072 }, "geometry": { "type": "MultiLineString", "coordinates": [ [ [ -8.630659551919539, 42.219570278647424 ], [ -8.630542002166514, 42.219343949767911 ] ] ] } },
{ "type": "Feature", "properties": { "id": null, "LONG": 50.386483994931034 }, "geometry": { "type": "MultiLineString", "coordinates": [ [ [ -8.63126976219408, 42.21957618656301 ], [ -8.630659551919539, 42.219570278647424 ] ] ] } },
{ "type": "Feature", "properties": { "id": null, "LONG": 91.970079321165258 }, "geometry": { "type": "MultiLineString", "coordinates": [ [ [ -8.634512024732661, 42.161251599759808 ], [ -8.633857481295628, 42.161062143707412 ], [ -8.633452771410182, 42.161010811894151 ] ] ] } },
{ "type": "Feature", "properties": { "id": null, "LONG": 98.2270276157805 }, "geometry": { "type": "MultiLineString", "coordinates": [ [ [ -8.635606692030761, 42.161596153930311 ], [ -8.634512024732661, 42.161251599759808 ] ] ] } },
{ "type": "Feature", "properties": { "id": null, "LONG": 81.91342514259253 }, "geometry": { "type": "MultiLineString", "coordinates": [ [ [ -8.636519670300883, 42.161883291821965 ], [ -8.635606692030761, 42.161596153930311 ] ] ] } },
{ "type": "Feature", "properties": { "id": null, "LONG": 34.002713324479728 }, "geometry": { "type": "MultiLineString", "coordinates": [ [ [ -8.636901048732973, 42.161998178159614 ], [ -8.636519670300883, 42.161883291821965 ] ] ] } },
{ "type": "Feature", "properties": { "id": null, "LONG": 13.315270648038091 }, "geometry": { "type": "MultiLineString", "coordinates": [ [ [ -8.633575920166132, 42.161088110882794 ], [ -8.633452771410182, 42.161010811894151 ] ] ] } },
{ "type": "Feature", "properties": { "id": null, "LONG": 41.08244578224302 }, "geometry": { "type": "MultiLineString", "coordinates": [ [ [ -8.634056295039453, 42.16117825801917 ], [ -8.633757741257694, 42.161107037465051 ], [ -8.633575920166132, 42.161088110882794 ] ] ] } },
{ "type": "Feature", "properties": { "id": null, "LONG": 40.213671480950573 }, "geometry": { "type": "MultiLineString", "coordinates": [ [ [ -8.63450492140085, 42.161318476634612 ], [ -8.634056295039453, 42.16117825801917 ] ] ] } },
{ "type": "Feature", "properties": { "id": null, "LONG": 133.62703657484911 }, "geometry": { "type": "MultiLineString", "coordinates": [ [ [ -8.635989827369686, 42.161794646235471 ], [ -8.63450492140085, 42.161318476634612 ] ] ] } },
{ "type": "Feature", "properties": { "id": null, "LONG": 56.500932705497419 }, "geometry": { "type": "MultiLineString", "coordinates": [ [ [ -8.636617904798745, 42.161995606521515 ], [ -8.635989827369686, 42.161794646235471 ] ] ] } },
{ "type": "Feature", "properties": { "id": null, "LONG": 47.356473922866513 }, "geometry": { "type": "MultiLineString", "coordinates": [ [ [ -8.637145049899084, 42.162162794443574 ], [ -8.636617904798745, 42.161995606521515 ] ] ] } },
{ "type": "Feature", "properties": { "id": null, "LONG": 116.81150247459863 }, "geometry": { "type": "MultiLineString", "coordinates": [ [ [ -8.638434738756356, 42.162593210760022 ], [ -8.637145049899084, 42.162162794443574 ] ] ] } },
{ "type": "Feature", "properties": { "id": null, "LONG": 306.47380605439548 }, "geometry": { "type": "MultiLineString", "coordinates": [ [ [ -8.64181270063975, 42.163730659405026 ], [ -8.641058432335452, 42.163451040295087 ], [ -8.638434738756356, 42.162593210760022 ] ] ] } },
{ "type": "Feature", "properties": { "id": null, "LONG": 26.679895357469228 }, "geometry": { "type": "MultiLineString", "coordinates": [ [ [ -8.642106515903036, 42.163830214333373 ], [ -8.64181270063975, 42.163730659405026 ] ] ] } },
{ "type": "Feature", "properties": { "id": null, "LONG": 33.091629265604269 }, "geometry": { "type": "MultiLineString", "coordinates": [ [ [ -8.642472141318331, 42.163951715728288 ], [ -8.642106515903036, 42.163830214333373 ] ] ] } },
{ "type": "Feature", "properties": { "id": null, "LONG": 316.67992634460859 }, "geometry": { "type": "MultiLineString", "coordinates": [ [ [ -8.646747728365627, 42.165374406155735 ], [ -8.645516206609154, 42.164939372686391 ], [ -8.643240292636811, 42.164227468931635 ] ] ] } },
{ "type": "Feature", "properties": { "id": null, "LONG": 132.74877263980903 }, "geometry": { "type": "MultiLineString", "coordinates": [ [ [ -8.638367069921854, 42.162486695020561 ], [ -8.636901048732973, 42.161998178159614 ] ] ] } },
{ "type": "Feature", "properties": { "id": null, "LONG": 83.655800380379887 }, "geometry": { "type": "MultiLineString", "coordinates": [ [ [ -8.647655248091018, 42.165688898990354 ], [ -8.646951488600996, 42.16539573004227 ], [ -8.646747728365627, 42.165374406155735 ] ] ] } },
{ "type": "Feature", "properties": { "id": null, "LONG": 375.13453079998305 }, "geometry": { "type": "MultiLineString", "coordinates": [ [ [ -8.651858711203653, 42.164755033566891 ], [ -8.651747365717183, 42.16487988447831 ], [ -8.65133603473269, 42.165063842595707 ], [ -8.648856435375466, 42.165738856522218 ], [ -8.64862804122086, 42.165775903039084 ], [ -8.648169314016283, 42.165769354556694 ], [ -8.647655248091018, 42.165688898990354 ] ] ] } },
{ "type": "Feature", "properties": { "id": null, "LONG": 70.481589366479739 }, "geometry": { "type": "MultiLineString", "coordinates": [ [ [ -8.643240292636811, 42.164227468931635 ], [ -8.642472141318331, 42.163951715728288 ] ] ] } },
{ "type": "Feature", "properties": { "id": null, "LONG": 48.420931683042504 }, "geometry": { "type": "MultiLineString", "coordinates": [ [ [ -8.640557779243247, 42.163206588464803 ], [ -8.640018309610742, 42.163036459500731 ] ] ] } },
{ "type": "Feature", "properties": { "id": null, "LONG": 48.897119592673675 }, "geometry": { "type": "MultiLineString", "coordinates": [ [ [ -8.641097166285064, 42.16338755832745 ], [ -8.640557779243247, 42.163206588464803 ] ] ] } },
{ "type": "Feature", "properties": { "id": null, "LONG": 47.253543872216689 }, "geometry": { "type": "MultiLineString", "coordinates": [ [ [ -8.641614681501913, 42.163568493356138 ], [ -8.641097166285064, 42.16338755832745 ] ] ] } },
{ "type": "Feature", "properties": { "id": null, "LONG": 67.361849667624142 }, "geometry": { "type": "MultiLineString", "coordinates": [ [ [ -8.642365592003108, 42.163804453363355 ], [ -8.641614681501913, 42.163568493356138 ] ] ] } },
{ "type": "Feature", "properties": { "id": null, "LONG": 88.306506286683373 }, "geometry": { "type": "MultiLineString", "coordinates": [ [ [ -8.643335022172071, 42.164138915409652 ], [ -8.642365592003108, 42.163804453363355 ] ] ] } },
{ "type": "Feature", "properties": { "id": null, "LONG": 91.453953211156943 }, "geometry": { "type": "MultiLineString", "coordinates": [ [ [ -8.644355676483137, 42.164457199464131 ], [ -8.643335022172071, 42.164138915409652 ] ] ] } },
{ "type": "Feature", "properties": { "id": null, "LONG": 67.385807434394408 }, "geometry": { "type": "MultiLineString", "coordinates": [ [ [ -8.64509348064418, 42.164715553751208 ], [ -8.644355676483137, 42.164457199464131 ] ] ] } },
{ "type": "Feature", "properties": { "id": null, "LONG": 31.003070275677661 }, "geometry": { "type": "MultiLineString", "coordinates": [ [ [ -8.645441844702315, 42.164819168772048 ], [ -8.64509348064418, 42.164715553751208 ] ] ] } },
{ "type": "Feature", "properties": { "id": null, "LONG": 50.880201649784901 }, "geometry": { "type": "MultiLineString", "coordinates": [ [ [ -8.646010513206202, 42.164994775137131 ], [ -8.645441844702315, 42.164819168772048 ] ] ] } },
{ "type": "Feature", "properties": { "id": null, "LONG": 58.168598190951755 }, "geometry": { "type": "MultiLineString", "coordinates": [ [ [ -8.646659368054165, 42.165197806951689 ], [ -8.646010513206202, 42.164994775137131 ] ] ] } },
{ "type": "Feature", "properties": { "id": null, "LONG": 73.541473118384332 }, "geometry": { "type": "MultiLineString", "coordinates": [ [ [ -8.647475900854445, 42.165461125845816 ], [ -8.646659368054165, 42.165197806951689 ] ] ] } },
{ "type": "Feature", "properties": { "id": null, "LONG": 25.216113999396423 }, "geometry": { "type": "MultiLineString", "coordinates": [ [ [ -8.647760252368464, 42.165543498037117 ], [ -8.647475900854445, 42.165461125845816 ] ] ] } },
{ "type": "Feature", "properties": { "id": null, "LONG": 47.800410021062682 }, "geometry": { "type": "MultiLineString", "coordinates": [ [ [ -8.640018309610742, 42.163036459500731 ], [ -8.639493503658658, 42.162855512364288 ] ] ] } },
{ "type": "Feature", "properties": { "id": null, "LONG": 56.104593184455197 }, "geometry": { "type": "MultiLineString", "coordinates": [ [ [ -8.639493503658658, 42.162855512364288 ], [ -8.638869639470476, 42.162656280594931 ] ] ] } },
{ "type": "Feature", "properties": { "id": null, "LONG": 45.604253787764762 }, "geometry": { "type": "MultiLineString", "coordinates": [ [ [ -8.638869639470476, 42.162656280594931 ], [ -8.638367069921854, 42.162486695020561 ] ] ] } },
{ "type": "Feature", "properties": { "id": null, "LONG": 61.420490776245288 }, "geometry": { "type": "MultiLineString", "coordinates": [ [ [ -8.624018154535213, 42.158510781741647 ], [ -8.623277345771797, 42.158554977789883 ] ] ] } },
{ "type": "Feature", "properties": { "id": null, "LONG": 61.286799765380366 }, "geometry": { "type": "MultiLineString", "coordinates": [ [ [ -8.623277345771797, 42.158554977789883 ], [ -8.62253748410453, 42.158592399358007 ] ] ] } },
{ "type": "Feature", "properties": { "id": null, "LONG": 79.233754181145201 }, "geometry": { "type": "MultiLineString", "coordinates": [ [ [ -8.62253748410453, 42.158592399358007 ], [ -8.622542171157061, 42.157879080976727 ] ] ] } },
{ "type": "Feature", "properties": { "id": null, "LONG": 44.149111936210609 }, "geometry": { "type": "MultiLineString", "coordinates": [ [ [ -8.624119207526977, 42.158901071884152 ], [ -8.624018154535213, 42.158510781741647 ] ] ] } },
{ "type": "Feature", "properties": { "id": null, "LONG": 43.520418275222397 }, "geometry": { "type": "MultiLineString", "coordinates": [ [ [ -8.624218418020446, 42.159285861974887 ], [ -8.624119207526977, 42.158901071884152 ] ] ] } },
{ "type": "Feature", "properties": { "id": null, "LONG": 51.833946642247774 }, "geometry": { "type": "MultiLineString", "coordinates": [ [ [ -8.62460195935356, 42.159655091924549 ], [ -8.624218418020446, 42.159285861974887 ] ] ] } },
{ "type": "Feature", "properties": { "id": null, "LONG": 50.868281024692031 }, "geometry": { "type": "MultiLineString", "coordinates": [ [ [ -8.62463431254864, 42.160112416499146 ], [ -8.62460195935356, 42.159655091924549 ] ] ] } },
{ "type": "Feature", "properties": { "id": null, "LONG": 48.96478812954431 }, "geometry": { "type": "MultiLineString", "coordinates": [ [ [ -8.624679699703782, 42.160551941998484 ], [ -8.62463431254864, 42.160112416499146 ] ] ] } },
{ "type": "Feature", "properties": { "id": null, "LONG": 69.53521599300683 }, "geometry": { "type": "MultiLineString", "coordinates": [ [ [ -8.624722065446795, 42.161177160412493 ], [ -8.624679699703782, 42.160551941998484 ] ] ] } },
{ "type": "Feature", "properties": { "id": null, "LONG": 23.409704132778 }, "geometry": { "type": "MultiLineString", "coordinates": [ [ [ -8.624646550494454, 42.161380286768448 ], [ -8.624722065446795, 42.161177160412493 ] ] ] } },
{ "type": "Feature", "properties": { "id": null, "LONG": 24.787160526291707 }, "geometry": { "type": "MultiLineString", "coordinates": [ [ [ -8.619541790676596, 42.161350205911589 ], [ -8.619828954927753, 42.161414634885588 ] ] ] } },
{ "type": "Feature", "properties": { "id": null, "LONG": 30.446653121600061 }, "geometry": { "type": "MultiLineString", "coordinates": [ [ [ -8.619828954927753, 42.161414634885588 ], [ -8.620179063566539, 42.161499977237945 ] ] ] } },
{ "type": "Feature", "properties": { "id": null, "LONG": 3.657409980727262 }, "geometry": { "type": "MultiLineString", "coordinates": [ [ [ -8.619307127033547, 42.161503995222226 ], [ -8.619331417990251, 42.161476471225619 ] ] ] } },
{ "type": "Feature", "properties": { "id": null, "LONG": 12.604352007126764 }, "geometry": { "type": "MultiLineString", "coordinates": [ [ [ -8.620179063566539, 42.161499977237945 ], [ -8.620323541507121, 42.161536336922396 ] ] ] } },
{ "type": "Feature", "properties": { "id": null, "LONG": 10.462486912953093 }, "geometry": { "type": "MultiLineString", "coordinates": [ [ [ -8.619331417990251, 42.161476471225619 ], [ -8.619429367927863, 42.161536148309402 ] ] ] } },
{ "type": "Feature", "properties": { "id": null, "LONG": 10.427319567316745 }, "geometry": { "type": "MultiLineString", "coordinates": [ [ [ -8.619401368410541, 42.161566415980282 ], [ -8.619307127033547, 42.161503995222226 ] ] ] } },
{ "type": "Feature", "properties": { "id": null, "LONG": 9.8746273939980682 }, "geometry": { "type": "MultiLineString", "coordinates": [ [ [ -8.620323541507121, 42.161536336922396 ], [ -8.620429032308367, 42.161578088365822 ] ] ] } },
{ "type": "Feature", "properties": { "id": null, "LONG": 8.8454694373524863 }, "geometry": { "type": "MultiLineString", "coordinates": [ [ [ -8.620429032308367, 42.161578088365822 ], [ -8.620523399116768, 42.161615668984723 ] ] ] } },
{ "type": "Feature", "properties": { "id": null, "LONG": 12.359868835773396 }, "geometry": { "type": "MultiLineString", "coordinates": [ [ [ -8.619429367927863, 42.161536148309402 ], [ -8.619536507367231, 42.161613787512195 ] ] ] } },
{ "type": "Feature", "properties": { "id": null, "LONG": 6.1034588121179061 }, "geometry": { "type": "MultiLineString", "coordinates": [ [ [ -8.620523399116768, 42.161615668984723 ], [ -8.620590043001934, 42.161639351048976 ] ] ] } },
{ "type": "Feature", "properties": { "id": null, "LONG": 3.5884126275275441 }, "geometry": { "type": "MultiLineString", "coordinates": [ [ [ -8.620590043001934, 42.161639351048976 ], [ -8.620630783480527, 42.161650527608124 ] ] ] } },
{ "type": "Feature", "properties": { "id": null, "LONG": 10.767179697468721 }, "geometry": { "type": "MultiLineString", "coordinates": [ [ [ -8.61946207131178, 42.161652187078211 ], [ -8.619401368410541, 42.161566415980282 ] ] ] } },
{ "type": "Feature", "properties": { "id": null, "LONG": 36.724393057620723 }, "geometry": { "type": "MultiLineString", "coordinates": [ [ [ -8.619604775389341, 42.161677490938942 ], [ -8.619541790676596, 42.161350205911589 ] ] ] } },
{ "type": "Feature", "properties": { "id": null, "LONG": 9.0497547309789788 }, "geometry": { "type": "MultiLineString", "coordinates": [ [ [ -8.619536507367231, 42.161613787512195 ], [ -8.619604775389341, 42.161677490938942 ] ] ] } },
{ "type": "Feature", "properties": { "id": null, "LONG": 18.006628784499249 }, "geometry": { "type": "MultiLineString", "coordinates": [ [ [ -8.620630783480527, 42.161650527608124 ], [ -8.620840168858967, 42.161695378123525 ] ] ] } },
{ "type": "Feature", "properties": { "id": null, "LONG": 8.3282218381485826 }, "geometry": { "type": "MultiLineString", "coordinates": [ [ [ -8.620840168858967, 42.161695378123525 ], [ -8.620940277449366, 42.1617039948013 ] ] ] } },
{ "type": "Feature", "properties": { "id": null, "LONG": 13.095731588043028 }, "geometry": { "type": "MultiLineString", "coordinates": [ [ [ -8.619320760081244, 42.161705540491987 ], [ -8.61946207131178, 42.161652187078211 ] ] ] } },
{ "type": "Feature", "properties": { "id": null, "LONG": 11.472333553686743 }, "geometry": { "type": "MultiLineString", "coordinates": [ [ [ -8.620940277449366, 42.1617039948013 ], [ -8.62107281771463, 42.161734712123078 ] ] ] } },
{ "type": "Feature", "properties": { "id": null, "LONG": 17.972721513735173 }, "geometry": { "type": "MultiLineString", "coordinates": [ [ [ -8.619129228846544, 42.16178218867892 ], [ -8.619320760081244, 42.161705540491987 ] ] ] } },
{ "type": "Feature", "properties": { "id": null, "LONG": 54.390995284719729 }, "geometry": { "type": "MultiLineString", "coordinates": [ [ [ -8.624357463636851, 42.161820194583953 ], [ -8.624646550494454, 42.161380286768448 ] ] ] } },
{ "type": "Feature", "properties": { "id": null, "LONG": 12.726470107052277 }, "geometry": { "type": "MultiLineString", "coordinates": [ [ [ -8.619004515155213, 42.161849403599632 ], [ -8.619129228846544, 42.16178218867892 ] ] ] } },
{ "type": "Feature", "properties": { "id": null, "LONG": 39.631298782967967 }, "geometry": { "type": "MultiLineString", "coordinates": [ [ [ -8.622124471624504, 42.161912175193955 ], [ -8.622164489096578, 42.161556626507405 ] ] ] } },
{ "type": "Feature", "properties": { "id": null, "LONG": 14.898994288067957 }, "geometry": { "type": "MultiLineString", "coordinates": [ [ [ -8.618866744647216, 42.161935920740916 ], [ -8.619004515155213, 42.161849403599632 ] ] ] } },
{ "type": "Feature", "properties": { "id": null, "LONG": 8.2836831791201284 }, "geometry": { "type": "MultiLineString", "coordinates": [ [ [ -8.618788553935389, 42.161982584268834 ], [ -8.618866744647216, 42.161935920740916 ] ] ] } },
{ "type": "Feature", "properties": { "id": null, "LONG": 19.073987018894869 }, "geometry": { "type": "MultiLineString", "coordinates": [ [ [ -8.618585851320482, 42.162064706336309 ], [ -8.618788553935389, 42.161982584268834 ] ] ] } },
{ "type": "Feature", "properties": { "id": null, "LONG": 8.0997160710501834 }, "geometry": { "type": "MultiLineString", "coordinates": [ [ [ -8.618500318119933, 42.162100312425892 ], [ -8.618585851320482, 42.162064706336309 ] ] ] } },
{ "type": "Feature", "properties": { "id": null, "LONG": 8.1787231852349667 }, "geometry": { "type": "MultiLineString", "coordinates": [ [ [ -8.618414740228438, 42.162137296280768 ], [ -8.618500318119933, 42.162100312425892 ] ] ] } },
{ "type": "Feature", "properties": { "id": null, "LONG": 12.904403963002366 }, "geometry": { "type": "MultiLineString", "coordinates": [ [ [ -8.618271616356415, 42.162183752477539 ], [ -8.618414740228438, 42.162137296280768 ] ] ] } },
{ "type": "Feature", "properties": { "id": null, "LONG": 10.528392268197022 }, "geometry": { "type": "MultiLineString", "coordinates": [ [ [ -8.618149026337976, 42.162209553131213 ], [ -8.618271616356415, 42.162183752477539 ] ] ] } },
{ "type": "Feature", "properties": { "id": null, "LONG": 8.1083998928634458 }, "geometry": { "type": "MultiLineString", "coordinates": [ [ [ -8.61805429547587, 42.162228565519406 ], [ -8.618149026337976, 42.162209553131213 ] ] ] } },
{ "type": "Feature", "properties": { "id": null, "LONG": 37.596380775106958 }, "geometry": { "type": "MultiLineString", "coordinates": [ [ [ -8.622142857033671, 42.162250371754197 ], [ -8.622124471624504, 42.161912175193955 ] ] ] } },
{ "type": "Feature", "properties": { "id": null, "LONG": 19.451209908328018 }, "geometry": { "type": "MultiLineString", "coordinates": [ [ [ -8.617833166544361, 42.162288559247564 ], [ -8.61805429547587, 42.162228565519406 ] ] ] } },
{ "type": "Feature", "properties": { "id": null, "LONG": 58.562249398691328 }, "geometry": { "type": "MultiLineString", "coordinates": [ [ [ -8.624103121376516, 42.162312290437811 ], [ -8.624357463636851, 42.161820194583953 ] ] ] } },
{ "type": "Feature", "properties": { "id": null, "LONG": 27.536678966484136 }, "geometry": { "type": "MultiLineString", "coordinates": [ [ [ -8.617515503079765, 42.162363406532954 ], [ -8.617833166544361, 42.162288559247564 ] ] ] } },
{ "type": "Feature", "properties": { "id": null, "LONG": 16.473902655687962 }, "geometry": { "type": "MultiLineString", "coordinates": [ [ [ -8.622123421010624, 42.162397976549101 ], [ -8.622142857033671, 42.162250371754197 ] ] ] } },
{ "type": "Feature", "properties": { "id": null, "LONG": 13.370040039054407 }, "geometry": { "type": "MultiLineString", "coordinates": [ [ [ -8.624076186152692, 42.162430978488246 ], [ -8.624103121376516, 42.162312290437811 ] ] ] } },
{ "type": "Feature", "properties": { "id": null, "LONG": 11.194403294095894 }, "geometry": { "type": "MultiLineString", "coordinates": [ [ [ -8.622124685609233, 42.162498753235582 ], [ -8.622123421010624, 42.162397976549101 ] ] ] } },
{ "type": "Feature", "properties": { "id": null, "LONG": 9.5157730686895263 }, "geometry": { "type": "MultiLineString", "coordinates": [ [ [ -8.622118620105988, 42.162584302988044 ], [ -8.622124685609233, 42.162498753235582 ] ] ] } },
{ "type": "Feature", "properties": { "id": null, "LONG": 11.490981367548597 }, "geometry": { "type": "MultiLineString", "coordinates": [ [ [ -8.622086474054756, 42.16268495161016 ], [ -8.622118620105988, 42.162584302988044 ] ] ] } },
{ "type": "Feature", "properties": { "id": null, "LONG": 23.502672219712579 }, "geometry": { "type": "MultiLineString", "coordinates": [ [ [ -8.621811596120347, 42.162739246019498 ], [ -8.622086474054756, 42.16268495161016 ] ] ] } },
{ "type": "Feature", "properties": { "id": null, "LONG": 7.7633080733129436 }, "geometry": { "type": "MultiLineString", "coordinates": [ [ [ -8.621718898508346, 42.162727907588284 ], [ -8.621811596120347, 42.162739246019498 ] ] ] } },
{ "type": "Feature", "properties": { "id": null, "LONG": 8.6944723103838157 }, "geometry": { "type": "MultiLineString", "coordinates": [ [ [ -8.6216149484813, 42.162739984615278 ], [ -8.621718898508346, 42.162727907588284 ] ] ] } },
{ "type": "Feature", "properties": { "id": null, "LONG": 20.239151373428701 }, "geometry": { "type": "MultiLineString", "coordinates": [ [ [ -8.621370052895474, 42.162741923621311 ], [ -8.6216149484813, 42.162739984615278 ] ] ] } },
{ "type": "Feature", "properties": { "id": null, "LONG": 14.203499890424814 }, "geometry": { "type": "MultiLineString", "coordinates": [ [ [ -8.621328505069425, 42.162866002648798 ], [ -8.621370052895474, 42.162741923621311 ] ] ] } },
{ "type": "Feature", "properties": { "id": null, "LONG": 4.2404663135941592 }, "geometry": { "type": "MultiLineString", "coordinates": [ [ [ -8.621317157995183, 42.162903233643867 ], [ -8.621328505069425, 42.162866002648798 ] ] ] } },
{ "type": "Feature", "properties": { "id": null, "LONG": 3.0815321805330571 }, "geometry": { "type": "MultiLineString", "coordinates": [ [ [ -8.621313277033813, 42.162930825423373 ], [ -8.621317157995183, 42.162903233643867 ] ] ] } },
{ "type": "Feature", "properties": { "id": null, "LONG": 9.956366721139922 }, "geometry": { "type": "MultiLineString", "coordinates": [ [ [ -8.621292364726845, 42.163019100087539 ], [ -8.621313277033813, 42.162930825423373 ] ] ] } },
{ "type": "Feature", "properties": { "id": null, "LONG": 2.495559321236871 }, "geometry": { "type": "MultiLineString", "coordinates": [ [ [ -8.62128667664868, 42.163041164982729 ], [ -8.621292364726845, 42.163019100087539 ] ] ] } },
{ "type": "Feature", "properties": { "id": null, "LONG": 4.991487165916844 }, "geometry": { "type": "MultiLineString", "coordinates": [ [ [ -8.621275276269495, 42.163085294692053 ], [ -8.62128667664868, 42.163041164982729 ] ] ] } },
{ "type": "Feature", "properties": { "id": null, "LONG": 6.2848773603381263 }, "geometry": { "type": "MultiLineString", "coordinates": [ [ [ -8.621258241577696, 42.163140438629071 ], [ -8.621275276269495, 42.163085294692053 ] ] ] } },
{ "type": "Feature", "properties": { "id": null, "LONG": 2.646329098320841 }, "geometry": { "type": "MultiLineString", "coordinates": [ [ [ -8.621252533152704, 42.16316388143273 ], [ -8.621258241577696, 42.163140438629071 ] ] ] } },
{ "type": "Feature", "properties": { "id": null, "LONG": 23.728913650281314 }, "geometry": { "type": "MultiLineString", "coordinates": [ [ [ -8.621188196452348, 42.163372076905915 ], [ -8.621252533152704, 42.16316388143273 ] ] ] } },
{ "type": "Feature", "properties": { "id": null, "LONG": 12.798646493394987 }, "geometry": { "type": "MultiLineString", "coordinates": [ [ [ -8.621137453525131, 42.163480940715139 ], [ -8.621188196452348, 42.163372076905915 ] ] ] } },
{ "type": "Feature", "properties": { "id": null, "LONG": 41.995969223247258 }, "geometry": { "type": "MultiLineString", "coordinates": [ [ [ -8.62106103911419, 42.163854723731653 ], [ -8.621137453525131, 42.163480940715139 ] ] ] } },
{ "type": "Feature", "properties": { "id": null, "LONG": 21.247441460640403 }, "geometry": { "type": "MultiLineString", "coordinates": [ [ [ -8.621020954994238, 42.164043671474715 ], [ -8.62106103911419, 42.163854723731653 ] ] ] } },
{ "type": "Feature", "properties": { "id": null, "LONG": 28.810641247349388 }, "geometry": { "type": "MultiLineString", "coordinates": [ [ [ -8.620958212807432, 42.164298813353028 ], [ -8.621020954994238, 42.164043671474715 ] ] ] } },
{ "type": "Feature", "properties": { "id": null, "LONG": 4.2175461272562007 }, "geometry": { "type": "MultiLineString", "coordinates": [ [ [ -8.62094130493089, 42.164334638945405 ], [ -8.620958212807432, 42.164298813353028 ] ] ] } },
{ "type": "Feature", "properties": { "id": null, "LONG": 6.6349566204531518 }, "geometry": { "type": "MultiLineString", "coordinates": [ [ [ -8.620931677809384, 42.164393941228049 ], [ -8.62094130493089, 42.164334638945405 ] ] ] } },
{ "type": "Feature", "properties": { "id": null, "LONG": 6.5078059238218362 }, "geometry": { "type": "MultiLineString", "coordinates": [ [ [ -8.620910929842477, 42.164450459815455 ], [ -8.620931677809384, 42.164393941228049 ] ] ] } },
{ "type": "Feature", "properties": { "id": null, "LONG": 4.9440819786052943 }, "geometry": { "type": "MultiLineString", "coordinates": [ [ [ -8.620903245388439, 42.164494601754775 ], [ -8.620910929842477, 42.164450459815455 ] ] ] } },
{ "type": "Feature", "properties": { "id": null, "LONG": 4.1649947799707796 }, "geometry": { "type": "MultiLineString", "coordinates": [ [ [ -8.620897466386845, 42.164531851095767 ], [ -8.620903245388439, 42.164494601754775 ] ] ] } },
{ "type": "Feature", "properties": { "id": null, "LONG": 12.327332076686769 }, "geometry": { "type": "MultiLineString", "coordinates": [ [ [ -8.62086897232618, 42.164640788278895 ], [ -8.620897466386845, 42.164531851095767 ] ] ] } },
{ "type": "Feature", "properties": { "id": null, "LONG": 6.2272422504577456 }, "geometry": { "type": "MultiLineString", "coordinates": [ [ [ -8.620855677362902, 42.164695971518007 ], [ -8.62086897232618, 42.164640788278895 ] ] ] } },
{ "type": "Feature", "properties": { "id": null, "LONG": 9.7069833450828806 }, "geometry": { "type": "MultiLineString", "coordinates": [ [ [ -8.62082363927771, 42.1647800483493 ], [ -8.620855677362902, 42.164695971518007 ] ] ] } },
{ "type": "Feature", "properties": { "id": null, "LONG": 3.9972848893103738 }, "geometry": { "type": "MultiLineString", "coordinates": [ [ [ -8.620819720663899, 42.164815916849228 ], [ -8.62082363927771, 42.1647800483493 ] ] ] } },
{ "type": "Feature", "properties": { "id": null, "LONG": 4.5399916842713282 }, "geometry": { "type": "MultiLineString", "coordinates": [ [ [ -8.620808344372184, 42.164855903639058 ], [ -8.620819720663899, 42.164815916849228 ] ] ] } },
{ "type": "Feature", "properties": { "id": null, "LONG": 3.3508151929079322 }, "geometry": { "type": "MultiLineString", "coordinates": [ [ [ -8.617206997916853, 42.164921255061017 ], [ -8.617245467755426, 42.164911719555647 ] ] ] } },
{ "type": "Feature", "properties": { "id": null, "LONG": 12.050918479262506 }, "geometry": { "type": "MultiLineString", "coordinates": [ [ [ -8.617245467755426, 42.164911719555647 ], [ -8.617321748065706, 42.16481925325234 ] ] ] } },
{ "type": "Feature", "properties": { "id": null, "LONG": 15.5504745221316 }, "geometry": { "type": "MultiLineString", "coordinates": [ [ [ -8.617321748065706, 42.16481925325234 ], [ -8.61742033133541, 42.164700004222219 ] ] ] } },
{ "type": "Feature", "properties": { "id": null, "LONG": 20.353927635324798 }, "geometry": { "type": "MultiLineString", "coordinates": [ [ [ -8.620757191339074, 42.16503515081714 ], [ -8.620808344372184, 42.164855903639058 ] ] ] } },
{ "type": "Feature", "properties": { "id": null, "LONG": 5.3920138642857136 }, "geometry": { "type": "MultiLineString", "coordinates": [ [ [ -8.620740192990738, 42.165082017907494 ], [ -8.620757191339074, 42.16503515081714 ] ] ] } },
{ "type": "Feature", "properties": { "id": null, "LONG": 18.760981687552064 }, "geometry": { "type": "MultiLineString", "coordinates": [ [ [ -8.619982030614924, 42.16510789726582 ], [ -8.620208778784827, 42.165099470596573 ] ] ] } },
{ "type": "Feature", "properties": { "id": null, "LONG": 32.764783796088771 }, "geometry": { "type": "MultiLineString", "coordinates": [ [ [ -8.620688387592322, 42.165374464175024 ], [ -8.620740192990738, 42.165082017907494 ] ] ] } },
{ "type": "Feature", "properties": { "id": null, "LONG": 30.098771653266663 }, "geometry": { "type": "MultiLineString", "coordinates": [ [ [ -8.620014893704669, 42.165377765433071 ], [ -8.619982030614924, 42.16510789726582 ] ] ] } },
{ "type": "Feature", "properties": { "id": null, "LONG": 6.7436156995997676 }, "geometry": { "type": "MultiLineString", "coordinates": [ [ [ -8.620014530400924, 42.165438476286255 ], [ -8.620014893704669, 42.165377765433071 ] ] ] } },
{ "type": "Feature", "properties": { "id": null, "LONG": 5.4444362849777619 }, "geometry": { "type": "MultiLineString", "coordinates": [ [ [ -8.620025378714983, 42.165486822476637 ], [ -8.620014530400924, 42.165438476286255 ] ] ] } },
{ "type": "Feature", "properties": { "id": null, "LONG": 22.364777333802213 }, "geometry": { "type": "MultiLineString", "coordinates": [ [ [ -8.620252609301829, 42.165341275073821 ], [ -8.620381400509944, 42.165518361582613 ] ] ] } },
{ "type": "Feature", "properties": { "id": null, "LONG": 17.884847849440295 }, "geometry": { "type": "MultiLineString", "coordinates": [ [ [ -8.620633621134374, 42.165530237696174 ], [ -8.620688387592322, 42.165374464175024 ] ] ] } },
{ "type": "Feature", "properties": { "id": null, "LONG": 27.101910206280017 }, "geometry": { "type": "MultiLineString", "coordinates": [ [ [ -8.620208778784827, 42.165099470596573 ], [ -8.620252609301829, 42.165341275073821 ] ] ] } },
{ "type": "Feature", "properties": { "id": null, "LONG": 7.9135544541777998 }, "geometry": { "type": "MultiLineString", "coordinates": [ [ [ -8.620381400509944, 42.165518361582613 ], [ -8.620470282521051, 42.165544882244674 ] ] ] } },
{ "type": "Feature", "properties": { "id": null, "LONG": 7.8250231326316122 }, "geometry": { "type": "MultiLineString", "coordinates": [ [ [ -8.620470282521051, 42.165544882244674 ], [ -8.620564918606094, 42.1655424393145 ] ] ] } },
{ "type": "Feature", "properties": { "id": null, "LONG": 5.8368131012644699 }, "geometry": { "type": "MultiLineString", "coordinates": [ [ [ -8.620564918606094, 42.1655424393145 ], [ -8.620633621134374, 42.165530237696174 ] ] ] } },
{ "type": "Feature", "properties": { "id": null, "LONG": 29.522756809890833 }, "geometry": { "type": "MultiLineString", "coordinates": [ [ [ -8.619769663542078, 42.165672434504245 ], [ -8.620025378714983, 42.165486822476637 ] ] ] } },
{ "type": "Feature", "properties": { "id": null, "LONG": 30.054782597767176 }, "geometry": { "type": "MultiLineString", "coordinates": [ [ [ -8.61742033133541, 42.164700004222219 ], [ -8.617777612765877, 42.164750604119767 ] ] ] } },
{ "type": "Feature", "properties": { "id": null, "LONG": 12.74312078151674 }, "geometry": { "type": "MultiLineString", "coordinates": [ [ [ -8.617777612765877, 42.164750604119767 ], [ -8.617915920906984, 42.16480133847304 ] ] ] } },
{ "type": "Feature", "properties": { "id": null, "LONG": 10.227164657412541 }, "geometry": { "type": "MultiLineString", "coordinates": [ [ [ -8.617915920906984, 42.16480133847304 ], [ -8.618016927951111, 42.164854542312838 ] ] ] } },
{ "type": "Feature", "properties": { "id": null, "LONG": 28.078310911209606 }, "geometry": { "type": "MultiLineString", "coordinates": [ [ [ -8.618016927951111, 42.164854542312838 ], [ -8.618301862179026, 42.164992252633162 ] ] ] } },
{ "type": "Feature", "properties": { "id": null, "LONG": 17.812771688104888 }, "geometry": { "type": "MultiLineString", "coordinates": [ [ [ -8.618301862179026, 42.164992252633162 ], [ -8.618506171002048, 42.165043376958138 ] ] ] } },
{ "type": "Feature", "properties": { "id": null, "LONG": 10.197105417262209 }, "geometry": { "type": "MultiLineString", "coordinates": [ [ [ -8.618506171002048, 42.165043376958138 ], [ -8.618623636408742, 42.165071498160373 ] ] ] } },
{ "type": "Feature", "properties": { "id": null, "LONG": 11.387874709488536 }, "geometry": { "type": "MultiLineString", "coordinates": [ [ [ -8.618623636408742, 42.165071498160373 ], [ -8.618753448627199, 42.165105910704845 ] ] ] } },
{ "type": "Feature", "properties": { "id": null, "LONG": 42.447924812350671 }, "geometry": { "type": "MultiLineString", "coordinates": [ [ [ -8.618753448627199, 42.165105910704845 ], [ -8.619100460917503, 42.165387675326549 ] ] ] } },
{ "type": "Feature", "properties": { "id": null, "LONG": 44.844958848446566 }, "geometry": { "type": "MultiLineString", "coordinates": [ [ [ -8.619100460917503, 42.165387675326549 ], [ -8.619462045413128, 42.165688733870567 ] ] ] } },
{ "type": "Feature", "properties": { "id": null, "LONG": 25.484568416446759 }, "geometry": { "type": "MultiLineString", "coordinates": [ [ [ -8.619462045413128, 42.165688733870567 ], [ -8.619769663542078, 42.165672434504245 ] ] ] } },
{ "type": "Feature", "properties": { "id": null, "LONG": 59.456743156634005 }, "geometry": { "type": "MultiLineString", "coordinates": [ [ [ -8.64889944828629, 42.133800296194501 ], [ -8.649179148190672, 42.133534207878867 ], [ -8.649254629713433, 42.13334494509936 ] ] ] } },
{ "type": "Feature", "properties": { "id": null, "LONG": 41.821122127554311 }, "geometry": { "type": "MultiLineString", "coordinates": [ [ [ -8.648596827257879, 42.134101995165501 ], [ -8.64889944828629, 42.133800296194501 ] ] ] } },
{ "type": "Feature", "properties": { "id": null, "LONG": 14.617839511776978 }, "geometry": { "type": "MultiLineString", "coordinates": [ [ [ -8.648250818711908, 42.134520571970938 ], [ -8.648327838549871, 42.134402112202181 ] ] ] } },
{ "type": "Feature", "properties": { "id": null, "LONG": 15.282767480726068 }, "geometry": { "type": "MultiLineString", "coordinates": [ [ [ -8.648169257456777, 42.134644043352637 ], [ -8.648250818711908, 42.134520571970938 ] ] ] } },
{ "type": "Feature", "properties": { "id": null, "LONG": 52.414698548578301 }, "geometry": { "type": "MultiLineString", "coordinates": [ [ [ -8.647872693389822, 42.135061113391814 ], [ -8.648169257456777, 42.134644043352637 ] ] ] } },
{ "type": "Feature", "properties": { "id": null, "LONG": 34.561065812054608 }, "geometry": { "type": "MultiLineString", "coordinates": [ [ [ -8.647639914700164, 42.135319559017653 ], [ -8.647872693389822, 42.135061113391814 ] ] ] } },
{ "type": "Feature", "properties": { "id": null, "LONG": 27.535099188208626 }, "geometry": { "type": "MultiLineString", "coordinates": [ [ [ -8.647568934218954, 42.135561758279223 ], [ -8.647639914700164, 42.135319559017653 ] ] ] } },
{ "type": "Feature", "properties": { "id": null, "LONG": 60.633479775643593 }, "geometry": { "type": "MultiLineString", "coordinates": [ [ [ -8.647903203209676, 42.136047637024134 ], [ -8.647568934218954, 42.135561758279223 ] ] ] } },
{ "type": "Feature", "properties": { "id": null, "LONG": 35.649539281026314 }, "geometry": { "type": "MultiLineString", "coordinates": [ [ [ -8.648266130723702, 42.136220953205793 ], [ -8.647903203209676, 42.136047637024134 ] ] ] } },
{ "type": "Feature", "properties": { "id": null, "LONG": 28.183454739029695 }, "geometry": { "type": "MultiLineString", "coordinates": [ [ [ -8.648316411561762, 42.136471909545861 ], [ -8.648266130723702, 42.136220953205793 ] ] ] } },
{ "type": "Feature", "properties": { "id": null, "LONG": 15.022060067007242 }, "geometry": { "type": "MultiLineString", "coordinates": [ [ [ -8.648288711865428, 42.13660557020745 ], [ -8.648316411561762, 42.136471909545861 ] ] ] } },
{ "type": "Feature", "properties": { "id": null, "LONG": 50.437328431885533 }, "geometry": { "type": "MultiLineString", "coordinates": [ [ [ -8.649254629713433, 42.13334494509936 ], [ -8.649271393574583, 42.133052676532948 ], [ -8.649234651175213, 42.132893463196474 ] ] ] } },
{ "type": "Feature", "properties": { "id": null, "LONG": 34.500297153620274 }, "geometry": { "type": "MultiLineString", "coordinates": [ [ [ -8.649234651175213, 42.132893463196474 ], [ -8.649132992674064, 42.132592220151295 ] ] ] } },
{ "type": "Feature", "properties": { "id": null, "LONG": 75.293840520155072 }, "geometry": { "type": "MultiLineString", "coordinates": [ [ [ -8.649132992674064, 42.132592220151295 ], [ -8.648974940042894, 42.131924647572255 ] ] ] } },
{ "type": "Feature", "properties": { "id": null, "LONG": 32.072443098339519 }, "geometry": { "type": "MultiLineString", "coordinates": [ [ [ -8.648386003494082, 42.136885085895187 ], [ -8.648288711865428, 42.13660557020745 ] ] ] } },
{ "type": "Feature", "properties": { "id": null, "LONG": 49.014874835849035 }, "geometry": { "type": "MultiLineString", "coordinates": [ [ [ -8.648847225535635, 42.137162356450304 ], [ -8.648386003494082, 42.136885085895187 ] ] ] } },
{ "type": "Feature", "properties": { "id": null, "LONG": 38.279543773169998 }, "geometry": { "type": "MultiLineString", "coordinates": [ [ [ -8.649110751773767, 42.137445721516166 ], [ -8.648847225535635, 42.137162356450304 ] ] ] } },
{ "type": "Feature", "properties": { "id": null, "LONG": 42.660488981346973 }, "geometry": { "type": "MultiLineString", "coordinates": [ [ [ -8.654809704913632, 42.144291070409693 ], [ -8.65437496195964, 42.144084117964269 ] ] ] } },
{ "type": "Feature", "properties": { "id": null, "LONG": 34.779246874065187 }, "geometry": { "type": "MultiLineString", "coordinates": [ [ [ -8.655152454879387, 42.144472661859226 ], [ -8.654809704913632, 42.144291070409693 ] ] ] } },
{ "type": "Feature", "properties": { "id": null, "LONG": 26.772035293606571 }, "geometry": { "type": "MultiLineString", "coordinates": [ [ [ -8.655400968726809, 42.144627220213621 ], [ -8.655152454879387, 42.144472661859226 ] ] ] } },
{ "type": "Feature", "properties": { "id": null, "LONG": 43.484156334908832 }, "geometry": { "type": "MultiLineString", "coordinates": [ [ [ -8.655605946610178, 42.144987757950375 ], [ -8.655400968726809, 42.144627220213621 ] ] ] } },
{ "type": "Feature", "properties": { "id": null, "LONG": 46.805776932816194 }, "geometry": { "type": "MultiLineString", "coordinates": [ [ [ -8.655347566509873, 42.14536271343696 ], [ -8.655605946610178, 42.144987757950375 ] ] ] } },
{ "type": "Feature", "properties": { "id": null, "LONG": 40.180709285151863 }, "geometry": { "type": "MultiLineString", "coordinates": [ [ [ -8.655487212064269, 42.145709204593622 ], [ -8.655347566509873, 42.14536271343696 ] ] ] } },
{ "type": "Feature", "properties": { "id": null, "LONG": 48.1770601082045 }, "geometry": { "type": "MultiLineString", "coordinates": [ [ [ -8.655853854219369, 42.146046361511594 ], [ -8.655487212064269, 42.145709204593622 ] ] ] } },
{ "type": "Feature", "properties": { "id": null, "LONG": 59.134903323466041 }, "geometry": { "type": "MultiLineString", "coordinates": [ [ [ -8.656628654427282, 42.146934815594058 ], [ -8.656307701732675, 42.146459018136518 ] ] ] } },
{ "type": "Feature", "properties": { "id": null, "LONG": 39.210399415857609 }, "geometry": { "type": "MultiLineString", "coordinates": [ [ [ -8.656644708193284, 42.147287618075204 ], [ -8.656628654427282, 42.146934815594058 ] ] ] } },
{ "type": "Feature", "properties": { "id": null, "LONG": 20.130696991627925 }, "geometry": { "type": "MultiLineString", "coordinates": [ [ [ -8.656307701732675, 42.146459018136518 ], [ -8.656160202340887, 42.146314806712105 ] ] ] } },
{ "type": "Feature", "properties": { "id": null, "LONG": 29.981089450407911 }, "geometry": { "type": "MultiLineString", "coordinates": [ [ [ -8.65437496195964, 42.144084117964269 ], [ -8.654070242770928, 42.143937736887061 ] ] ] } },
{ "type": "Feature", "properties": { "id": null, "LONG": 56.109534663438581 }, "geometry": { "type": "MultiLineString", "coordinates": [ [ [ -8.654070242770928, 42.143937736887061 ], [ -8.653681580471575, 42.143523601834936 ] ] ] } },
{ "type": "Feature", "properties": { "id": null, "LONG": 60.811776396182864 }, "geometry": { "type": "MultiLineString", "coordinates": [ [ [ -8.650555297748905, 42.139051798060784 ], [ -8.650074600904126, 42.138637388152404 ] ] ] } },
{ "type": "Feature", "properties": { "id": null, "LONG": 25.822074559212233 }, "geometry": { "type": "MultiLineString", "coordinates": [ [ [ -8.650808418024276, 42.139188007395383 ], [ -8.650555297748905, 42.139051798060784 ] ] ] } },
{ "type": "Feature", "properties": { "id": null, "LONG": 49.247194431035318 }, "geometry": { "type": "MultiLineString", "coordinates": [ [ [ -8.651073539708655, 42.139585042886068 ], [ -8.650808418024276, 42.139188007395383 ] ] ] } },
{ "type": "Feature", "properties": { "id": null, "LONG": 40.911964865148803 }, "geometry": { "type": "MultiLineString", "coordinates": [ [ [ -8.651357205827148, 42.139886855062251 ], [ -8.651073539708655, 42.139585042886068 ] ] ] } },
{ "type": "Feature", "properties": { "id": null, "LONG": 19.966572553578889 }, "geometry": { "type": "MultiLineString", "coordinates": [ [ [ -8.651315791888388, 42.140063948744356 ], [ -8.651357205827148, 42.139886855062251 ] ] ] } },
{ "type": "Feature", "properties": { "id": null, "LONG": 26.818504528113071 }, "geometry": { "type": "MultiLineString", "coordinates": [ [ [ -8.651148421388521, 42.140270777016752 ], [ -8.651315791888388, 42.140063948744356 ] ] ] } },
{ "type": "Feature", "properties": { "id": null, "LONG": 20.141671828342002 }, "geometry": { "type": "MultiLineString", "coordinates": [ [ [ -8.651124958472675, 42.140451266580058 ], [ -8.651148421388521, 42.140270777016752 ] ] ] } },
{ "type": "Feature", "properties": { "id": null, "LONG": 38.887529514520814 }, "geometry": { "type": "MultiLineString", "coordinates": [ [ [ -8.651608913536304, 42.140683445777931 ], [ -8.651205533935958, 42.140503334546445 ] ] ] } },
{ "type": "Feature", "properties": { "id": null, "LONG": 42.012349887099994 }, "geometry": { "type": "MultiLineString", "coordinates": [ [ [ -8.652041419103989, 42.14088205306011 ], [ -8.651608913536304, 42.140683445777931 ] ] ] } },
{ "type": "Feature", "properties": { "id": null, "LONG": 22.101623005252275 }, "geometry": { "type": "MultiLineString", "coordinates": [ [ [ -8.650074600904126, 42.138637388152404 ], [ -8.649897950258826, 42.138488035992829 ] ] ] } },
{ "type": "Feature", "properties": { "id": null, "LONG": 24.569888239533618 }, "geometry": { "type": "MultiLineString", "coordinates": [ [ [ -8.649897950258826, 42.138488035992829 ], [ -8.649730499684971, 42.138305288771861 ] ] ] } },
{ "type": "Feature", "properties": { "id": null, "LONG": 24.684760673464314 }, "geometry": { "type": "MultiLineString", "coordinates": [ [ [ -8.649730499684971, 42.138305288771861 ], [ -8.649574292166294, 42.138115892866082 ] ] ] } },
{ "type": "Feature", "properties": { "id": null, "LONG": 22.597215635839643 }, "geometry": { "type": "MultiLineString", "coordinates": [ [ [ -8.649574292166294, 42.138115892866082 ], [ -8.649458474229593, 42.137931618714525 ] ] ] } },
{ "type": "Feature", "properties": { "id": null, "LONG": 20.10328068326902 }, "geometry": { "type": "MultiLineString", "coordinates": [ [ [ -8.649213174387549, 42.137609870733513 ], [ -8.649110751773767, 42.137445721516166 ] ] ] } },
{ "type": "Feature", "properties": { "id": null, "LONG": 29.923041755398316 }, "geometry": { "type": "MultiLineString", "coordinates": [ [ [ -8.649387066603246, 42.137846136628603 ], [ -8.649213174387549, 42.137609870733513 ] ] ] } },
{ "type": "Feature", "properties": { "id": null, "LONG": 11.180567613304733 }, "geometry": { "type": "MultiLineString", "coordinates": [ [ [ -8.649458474229593, 42.137931618714525 ], [ -8.649387066603246, 42.137846136628603 ] ] ] } },
{ "type": "Feature", "properties": { "id": null, "LONG": 33.713739722806942 }, "geometry": { "type": "MultiLineString", "coordinates": [ [ [ -8.651937258527816, 42.141914819884619 ], [ -8.652069925512597, 42.141627808731641 ] ] ] } },
{ "type": "Feature", "properties": { "id": null, "LONG": 49.257370290921976 }, "geometry": { "type": "MultiLineString", "coordinates": [ [ [ -8.65211320703734, 42.142338502047991 ], [ -8.651937258527816, 42.141914819884619 ] ] ] } },
{ "type": "Feature", "properties": { "id": null, "LONG": 49.248866092245898 }, "geometry": { "type": "MultiLineString", "coordinates": [ [ [ -8.652486506763008, 42.142684048048544 ], [ -8.65211320703734, 42.142338502047991 ] ] ] } },
{ "type": "Feature", "properties": { "id": null, "LONG": 59.742433780052487 }, "geometry": { "type": "MultiLineString", "coordinates": [ [ [ -8.652982940468421, 42.143074926811728 ], [ -8.652486506763008, 42.142684048048544 ] ] ] } },
{ "type": "Feature", "properties": { "id": null, "LONG": 43.291044178032834 }, "geometry": { "type": "MultiLineString", "coordinates": [ [ [ -8.653413221047913, 42.143297090500084 ], [ -8.652982940468421, 42.143074926811728 ] ] ] } },
{ "type": "Feature", "properties": { "id": null, "LONG": 33.543189808446982 }, "geometry": { "type": "MultiLineString", "coordinates": [ [ [ -8.653681580471575, 42.143523601834936 ], [ -8.653413221047913, 42.143297090500084 ] ] ] } },
{ "type": "Feature", "properties": { "id": null, "LONG": 1686.0010976802919 }, "geometry": { "type": "MultiLineString", "coordinates": [ [ [ -8.670082373687853, 42.145118930869629 ], [ -8.669915553879726, 42.145403648484198 ], [ -8.669610229557017, 42.145833393804828 ], [ -8.669105825363557, 42.146124153615524 ], [ -8.66860863563986, 42.146353427173544 ], [ -8.668386762331926, 42.146624482847798 ], [ -8.668232780918814, 42.147090561310627 ], [ -8.668011034772864, 42.14734110896935 ], [ -8.667535390592198, 42.147396120898804 ], [ -8.667108618667182, 42.147328235956479 ], [ -8.666274369784151, 42.147464250136608 ], [ -8.665888335709168, 42.147509266538741 ], [ -8.665446523522567, 42.147682280365288 ], [ -8.665238308942964, 42.147973868312484 ], [ -8.664885955076629, 42.1481676665679 ], [ -8.664459126695673, 42.148110029923949 ], [ -8.664818298860347, 42.147931635860736 ], [ -8.66517881681424, 42.147502064556463 ], [ -8.665324588001416, 42.147287173369904 ], [ -8.665573766820684, 42.147062343143439 ], [ -8.66535396635857, 42.146943790210273 ], [ -8.665112594926624, 42.146989225849545 ], [ -8.664783366380577, 42.146716540718771 ], [ -8.664534336228806, 42.146910648774991 ], [ -8.664066075711073, 42.146878512781768 ], [ -8.663866208115417, 42.146893310383732 ], [ -8.663686399374063, 42.147026069486841 ], [ -8.663410284253739, 42.147127788894636 ], [ -8.663114539257302, 42.147039765784136 ], [ -8.662975949651987, 42.147193143401019 ], [ -8.662638959746479, 42.147084508299827 ], [ -8.661830624431566, 42.147063508890604 ], [ -8.66166179741097, 42.146881706439551 ], [ -8.661088133574989, 42.147233731503789 ], [ -8.660894861707856, 42.147304923597893 ], [ -8.660599271553194, 42.147186146548506 ], [ -8.660146044907904, 42.146918232938035 ], [ -8.659981171695531, 42.146825455666516 ], [ -8.659912062145851, 42.146871408744332 ], [ -8.65997265150633, 42.147133026684408 ], [ -8.659902666901527, 42.147337877423624 ], [ -8.659626537834693, 42.147449854991791 ], [ -8.659330112732359, 42.14748486581793 ], [ -8.658463199769544, 42.147277212357181 ], [ -8.658119000007394, 42.147230047364232 ], [ -8.657553608851648, 42.147320641033033 ], [ -8.656644708193284, 42.147287618075204 ] ] ] } },
{ "type": "Feature", "properties": { "id": null, "LONG": 7.4992788724833579 }, "geometry": { "type": "MultiLineString", "coordinates": [ [ [ -8.652069925512597, 42.141627808731641 ], [ -8.652015085228896, 42.141574027156274 ] ] ] } },
{ "type": "Feature", "properties": { "id": null, "LONG": 9.3004053579549382 }, "geometry": { "type": "MultiLineString", "coordinates": [ [ [ -8.670145695970559, 42.145050673114724 ], [ -8.670135853725222, 42.14506992757304 ], [ -8.670082373687853, 42.145118930869629 ] ] ] } },
{ "type": "Feature", "properties": { "id": null, "LONG": 218.62351944312556 }, "geometry": { "type": "MultiLineString", "coordinates": [ [ [ -8.668797025448375, 42.143917038832242 ], [ -8.669444449048822, 42.144448421892598 ], [ -8.669215787324116, 42.144783508239342 ], [ -8.670080965376222, 42.144825972412349 ], [ -8.67009202948841, 42.144856985454084 ], [ -8.670114679734393, 42.14494092144453 ], [ -8.670145695970559, 42.145050673114724 ] ] ] } },
{ "type": "Feature", "properties": { "id": null, "LONG": 445.18930740036751 }, "geometry": { "type": "MultiLineString", "coordinates": [ [ [ -8.673894867075376, 42.145062930388598 ], [ -8.673882286052345, 42.145012377595037 ], [ -8.67378051006774, 42.14482778079585 ], [ -8.673665975541656, 42.144622648990151 ], [ -8.673584239890548, 42.144270913599634 ], [ -8.673529472622624, 42.144254132548113 ], [ -8.673289977005533, 42.144247034360184 ], [ -8.673170031971145, 42.144254997168183 ], [ -8.673040028652952, 42.144244016875035 ], [ -8.672717017975472, 42.144203431756686 ], [ -8.672275106575141, 42.144220865025524 ], [ -8.671849966040623, 42.144203029368526 ], [ -8.671752878846974, 42.144203553721375 ], [ -8.67157863991506, 42.144197588214205 ], [ -8.671318972474694, 42.144063973594868 ], [ -8.670949023655863, 42.143769497570823 ], [ -8.670632997519117, 42.143857024405506 ], [ -8.670519003635981, 42.14397596361156 ], [ -8.670387196303778, 42.144003019278166 ], [ -8.670153883487528, 42.144067879540806 ], [ -8.670082977032987, 42.144248962197906 ], [ -8.669910980379901, 42.144353987444639 ] ] ] } },
{ "type": "Feature", "properties": { "id": null, "LONG": 39.119799773036767 }, "geometry": { "type": "MultiLineString", "coordinates": [ [ [ -8.656160202340887, 42.146314806712105 ], [ -8.655853854219369, 42.146046361511594 ] ] ] } },
{ "type": "Feature", "properties": { "id": null, "LONG": 15.029760254338912 }, "geometry": { "type": "MultiLineString", "coordinates": [ [ [ -8.648519194546394, 42.134224347169948 ], [ -8.648596827257879, 42.134101995165501 ] ] ] } },
{ "type": "Feature", "properties": { "id": null, "LONG": 25.30163630496757 }, "geometry": { "type": "MultiLineString", "coordinates": [ [ [ -8.648327838549871, 42.134402112202181 ], [ -8.648519194546394, 42.134224347169948 ] ] ] } },
{ "type": "Feature", "properties": { "id": null, "LONG": 25.634180837529513 }, "geometry": { "type": "MultiLineString", "coordinates": [ [ [ -8.669910980379901, 42.144353987444639 ], [ -8.669601017600609, 42.144347030465028 ] ] ] } },
{ "type": "Feature", "properties": { "id": null, "LONG": 82.084460781351027 }, "geometry": { "type": "MultiLineString", "coordinates": [ [ [ -8.669601017600609, 42.144347030465028 ], [ -8.669215885603608, 42.144175787059304 ], [ -8.668797025448375, 42.143917038832242 ] ] ] } },
{ "type": "Feature", "properties": { "id": null, "LONG": 48.385060071357557 }, "geometry": { "type": "MultiLineString", "coordinates": [ [ [ -8.675401041519674, 42.148300804089928 ], [ -8.675259826164625, 42.148293568616808 ], [ -8.675208553124357, 42.148275680838715 ], [ -8.675173817944296, 42.148249644017241 ], [ -8.675056935478997, 42.148144199129234 ], [ -8.674969358523558, 42.148049752923804 ] ] ] } },
{ "type": "Feature", "properties": { "id": null, "LONG": 150.00723465432219 }, "geometry": { "type": "MultiLineString", "coordinates": [ [ [ -8.673581763283352, 42.146383606599002 ], [ -8.673563695116899, 42.146326904797675 ], [ -8.673656134408208, 42.146135567619389 ], [ -8.673694187816331, 42.145963207619957 ], [ -8.673733480285508, 42.145773087431678 ], [ -8.673808014149476, 42.145545301742168 ], [ -8.673858760498939, 42.145309252534837 ], [ -8.673886850177022, 42.145196004541759 ], [ -8.673894867075376, 42.145062930388598 ] ] ] } },
{ "type": "Feature", "properties": { "id": null, "LONG": 73.142348053616317 }, "geometry": { "type": "MultiLineString", "coordinates": [ [ [ -8.674969358523558, 42.148049752923804 ], [ -8.67457279378457, 42.148107323659765 ], [ -8.674314591178328, 42.147805472659677 ] ] ] } },
{ "type": "Feature", "properties": { "id": null, "LONG": 21.233505530739368 }, "geometry": { "type": "MultiLineString", "coordinates": [ [ [ -8.674314591178328, 42.147805472659677 ], [ -8.674142629859594, 42.14766346159572 ] ] ] } },
{ "type": "Feature", "properties": { "id": null, "LONG": 226.99756805274114 }, "geometry": { "type": "MultiLineString", "coordinates": [ [ [ -8.674142629859594, 42.14766346159572 ], [ -8.673864699112181, 42.147370794482455 ], [ -8.673800992982862, 42.147273686278851 ], [ -8.673834267804015, 42.147223272866789 ], [ -8.67387659520611, 42.147198823668724 ], [ -8.673940931912728, 42.147173059021192 ], [ -8.673979501115413, 42.147166350760841 ], [ -8.67416288528897, 42.147181876396118 ], [ -8.674397842160696, 42.147156613920842 ], [ -8.674444284045538, 42.147044795889343 ], [ -8.674379180577976, 42.146858916744605 ], [ -8.674167371225669, 42.146665821180058 ], [ -8.674138143875469, 42.146639808686245 ], [ -8.673882052335992, 42.146491636938265 ], [ -8.673605517156892, 42.146400741345438 ], [ -8.673581763283352, 42.146383606599002 ] ] ] } },
{ "type": "Feature", "properties": { "id": null, "LONG": 259.67086373328988 }, "geometry": { "type": "MultiLineString", "coordinates": [ [ [ -8.646492903812513, 42.064053883667626 ], [ -8.646511708062526, 42.064015177399654 ], [ -8.646595161877174, 42.063706716918404 ], [ -8.646622718566531, 42.063425743378211 ], [ -8.646630098804751, 42.063101818503128 ], [ -8.646711213798675, 42.06287916510307 ], [ -8.646853628063919, 42.062663635316852 ], [ -8.646978841723067, 42.062531110856341 ], [ -8.647046535902486, 42.062383170292762 ], [ -8.646951164817041, 42.062159982809881 ], [ -8.646950734386412, 42.061903871167367 ], [ -8.647006922945158, 42.061816806531922 ] ] ] } },
{ "type": "Feature", "properties": { "id": null, "LONG": 110.60302030216172 }, "geometry": { "type": "MultiLineString", "coordinates": [ [ [ -8.653368411257274, 42.041199506838339 ], [ -8.653392319799801, 42.0410377126829 ], [ -8.653373762478068, 42.040821822815673 ], [ -8.653334945651656, 42.040696604100347 ], [ -8.653362272590675, 42.040512727104598 ], [ -8.65336611872962, 42.040409739394768 ], [ -8.653363298975231, 42.040323880093176 ], [ -8.653324426539573, 42.040213395972202 ] ] ] } },
{ "type": "Feature", "properties": { "id": null, "LONG": 56.482765046404893 }, "geometry": { "type": "MultiLineString", "coordinates": [ [ [ -8.653324426539573, 42.040213395972202 ], [ -8.653298355543166, 42.040161790539365 ], [ -8.653236281572179, 42.040083110612365 ], [ -8.653062514508527, 42.039969759980856 ], [ -8.652941121287222, 42.039908085142216 ], [ -8.652875633166778, 42.039844129470978 ] ] ] } },
{ "type": "Feature", "properties": { "id": null, "LONG": 76.557126586816651 }, "geometry": { "type": "MultiLineString", "coordinates": [ [ [ -8.668235932334031, 42.050325902000395 ], [ -8.668248701610233, 42.050296390878479 ], [ -8.668498874007732, 42.049830645289497 ], [ -8.668453561331024, 42.049677779363883 ] ] ] } },
{ "type": "Feature", "properties": { "id": null, "LONG": 119.37533165571617 }, "geometry": { "type": "MultiLineString", "coordinates": [ [ [ -8.668453561331024, 42.049677779363883 ], [ -8.667844257826573, 42.049504822270983 ], [ -8.667069028874149, 42.049391614879525 ] ] ] } },
{ "type": "Feature", "properties": { "id": null, "LONG": 289.9727398199912 }, "geometry": { "type": "MultiLineString", "coordinates": [ [ [ -8.667069028874149, 42.049391614879518 ], [ -8.667122541021989, 42.049204625365391 ], [ -8.667044274292746, 42.048805924012676 ], [ -8.667090051550968, 42.048324662919647 ], [ -8.667175375839077, 42.047963289107358 ], [ -8.667193285496873, 42.047492312029512 ], [ -8.667392820174911, 42.0474514306676 ], [ -8.66756302167737, 42.047405857359813 ], [ -8.667636778411122, 42.047002708240335 ] ] ] } },
{ "type": "Feature", "properties": { "id": null, "LONG": 236.35486546717976 }, "geometry": { "type": "MultiLineString", "coordinates": [ [ [ -8.661795746349348, 42.03307667206014 ], [ -8.660568558680231, 42.034997863963234 ] ] ] } },
{ "type": "Feature", "properties": { "id": null, "LONG": 155.14046100094592 }, "geometry": { "type": "MultiLineString", "coordinates": [ [ [ -8.662482057224668, 42.03087927129279 ], [ -8.662488168034544, 42.031160520421814 ], [ -8.662501056509884, 42.031594703548215 ], [ -8.662560206105381, 42.031902560966977 ], [ -8.662334954428252, 42.032232431780329 ] ] ] } },
{ "type": "Feature", "properties": { "id": null, "LONG": 103.86095143349061 }, "geometry": { "type": "MultiLineString", "coordinates": [ [ [ -8.662334954428252, 42.032232431780329 ], [ -8.661795746349348, 42.03307667206014 ] ] ] } },
{ "type": "Feature", "properties": { "id": null, "LONG": 181.65866794380852 }, "geometry": { "type": "MultiLineString", "coordinates": [ [ [ -8.663669522778859, 42.029669990712236 ], [ -8.662957979441, 42.029933094027044 ], [ -8.662956523603727, 42.030208682826249 ], [ -8.662892168125873, 42.030410466920877 ], [ -8.662586600423049, 42.030737994861532 ], [ -8.662482057224668, 42.03087927129279 ] ] ] } },
{ "type": "Feature", "properties": { "id": null, "LONG": 25.131158121478677 }, "geometry": { "type": "MultiLineString", "coordinates": [ [ [ -8.666055749604837, 42.037250994259431 ], [ -8.665932141886442, 42.037292506477712 ], [ -8.665764484141187, 42.037285308205817 ] ] ] } },
{ "type": "Feature", "properties": { "id": null, "LONG": 167.59173391597392 }, "geometry": { "type": "MultiLineString", "coordinates": [ [ [ -8.655214969420131, 42.03804103620633 ], [ -8.657174937835714, 42.03766447817614 ] ] ] } },
{ "type": "Feature", "properties": { "id": null, "LONG": 265.15679259546323 }, "geometry": { "type": "MultiLineString", "coordinates": [ [ [ -8.652333746645102, 42.039050242841476 ], [ -8.653197974248913, 42.038655522666005 ], [ -8.653629938935595, 42.038482657599353 ], [ -8.654440888716126, 42.038198142990694 ], [ -8.655214969420131, 42.03804103620633 ] ] ] } },
{ "type": "Feature", "properties": { "id": null, "LONG": 97.898329840558631 }, "geometry": { "type": "MultiLineString", "coordinates": [ [ [ -8.652954865843874, 42.039800209768728 ], [ -8.652333746645102, 42.039050242841476 ] ] ] } },
{ "type": "Feature", "properties": { "id": null, "LONG": 8.1753871518386845 }, "geometry": { "type": "MultiLineString", "coordinates": [ [ [ -8.652875633166778, 42.039844129470978 ], [ -8.652954865843874, 42.039800209768728 ] ] ] } },
{ "type": "Feature", "properties": { "id": null, "LONG": 274.93364440628301 }, "geometry": { "type": "MultiLineString", "coordinates": [ [ [ -8.652954865843874, 42.039800209768728 ], [ -8.653317651094609, 42.039639412704091 ], [ -8.653582159367746, 42.039407201892779 ], [ -8.653781391799553, 42.0390693174189 ], [ -8.654072302140024, 42.038822477328146 ], [ -8.654508097547374, 42.0385466481655 ], [ -8.654815168623871, 42.038348868673395 ], [ -8.655066153244533, 42.038177948591738 ], [ -8.655214969420131, 42.03804103620633 ] ] ] } },
{ "type": "Feature", "properties": { "id": null, "LONG": 12.357693058780839 }, "geometry": { "type": "MultiLineString", "coordinates": [ [ [ -8.695675433490704, 42.030391583745534 ], [ -8.695562999401904, 42.030318431151009 ] ] ] } },
{ "type": "Feature", "properties": { "id": null, "LONG": 112.3513572690721 }, "geometry": { "type": "MultiLineString", "coordinates": [ [ [ -8.703023284453334, 42.034471844743337 ], [ -8.703196050517288, 42.03346857793305 ] ] ] } },
{ "type": "Feature", "properties": { "id": null, "LONG": 48.294311841868144 }, "geometry": { "type": "MultiLineString", "coordinates": [ [ [ -8.703196050517288, 42.03346857793305 ], [ -8.703137789185453, 42.033303831605025 ], [ -8.703059394050435, 42.0331795628706 ], [ -8.702927773315952, 42.033098793326893 ] ] ] } },
{ "type": "Feature", "properties": { "id": null, "LONG": 63.628941484828147 }, "geometry": { "type": "MultiLineString", "coordinates": [ [ [ -8.702927773315952, 42.033098793326893 ], [ -8.70267685033838, 42.032940933367961 ], [ -8.702587192755006, 42.032812420039434 ], [ -8.702521462218147, 42.032635873389701 ] ] ] } },
{ "type": "Feature", "properties": { "id": null, "LONG": 84.913961907854627 }, "geometry": { "type": "MultiLineString", "coordinates": [ [ [ -8.702521462218147, 42.032635873389701 ], [ -8.702411361558349, 42.032256039191488 ], [ -8.70243532298583, 42.032127840248208 ], [ -8.702640123670243, 42.031934395927742 ] ] ] } },
{ "type": "Feature", "properties": { "id": null, "LONG": 90.617182646361385 }, "geometry": { "type": "MultiLineString", "coordinates": [ [ [ -8.696754051432908, 42.030424151238897 ], [ -8.696393164027002, 42.030354692983728 ], [ -8.695945593114299, 42.030357714339402 ], [ -8.695675433490704, 42.030391583745534 ] ] ] } },
{ "type": "Feature", "properties": { "id": null, "LONG": 190.25383762357487 }, "geometry": { "type": "MultiLineString", "coordinates": [ [ [ -8.702640123670243, 42.031934395927742 ], [ -8.702533275658896, 42.031846236485173 ], [ -8.702139684171156, 42.031533272179381 ], [ -8.70142557406824, 42.031179886457629 ], [ -8.701203839565302, 42.030680516327394 ] ] ] } },
{ "type": "Feature", "properties": { "id": null, "LONG": 36.238340099875174 }, "geometry": { "type": "MultiLineString", "coordinates": [ [ [ -8.701203839565302, 42.030680516327394 ], [ -8.70076629177515, 42.030685710366896 ] ] ] } },
{ "type": "Feature", "properties": { "id": null, "LONG": 73.869379777768614 }, "geometry": { "type": "MultiLineString", "coordinates": [ [ [ -8.70076629177515, 42.030685710366896 ], [ -8.700746263644763, 42.03042755248395 ], [ -8.700550522204528, 42.030048196686963 ] ] ] } },
{ "type": "Feature", "properties": { "id": null, "LONG": 36.487171046004249 }, "geometry": { "type": "MultiLineString", "coordinates": [ [ [ -8.700166884282485, 42.029881326656472 ], [ -8.699872816568252, 42.029636703652272 ] ] ] } },
{ "type": "Feature", "properties": { "id": null, "LONG": 54.053230770133531 }, "geometry": { "type": "MultiLineString", "coordinates": [ [ [ -8.697308463587381, 42.030673221059274 ], [ -8.697177864509033, 42.030631539439646 ], [ -8.69688508222025, 42.030514410290287 ], [ -8.696754051432908, 42.030424151238897 ] ] ] } },
{ "type": "Feature", "properties": { "id": null, "LONG": 332.0701002127733 }, "geometry": { "type": "MultiLineString", "coordinates": [ [ [ -8.699872816568252, 42.029636703652272 ], [ -8.699587194243444, 42.029403186284121 ], [ -8.699362396404471, 42.029332925005924 ], [ -8.6987513616703, 42.029198311424167 ], [ -8.698271347410072, 42.029203384498508 ], [ -8.698062508238527, 42.029351681576571 ], [ -8.697804603796733, 42.029993891910749 ], [ -8.697308463587381, 42.030673221059274 ] ] ] } },
{ "type": "Feature", "properties": { "id": null, "LONG": 36.781262576598571 }, "geometry": { "type": "MultiLineString", "coordinates": [ [ [ -8.700550522204528, 42.030048196686963 ], [ -8.700166884282485, 42.029881326656472 ] ] ] } },
{ "type": "Feature", "properties": { "id": null, "LONG": 49.05480350389864 }, "geometry": { "type": "MultiLineString", "coordinates": [ [ [ -8.704869730759686, 42.056042413154913 ], [ -8.70518186636119, 42.055667002049105 ] ] ] } },
{ "type": "Feature", "properties": { "id": null, "LONG": 11.584811640432349 }, "geometry": { "type": "MultiLineString", "coordinates": [ [ [ -8.704831644436258, 42.056142774458721 ], [ -8.704869730759686, 42.056042413154913 ] ] ] } },
{ "type": "Feature", "properties": { "id": null, "LONG": 103.16848982419799 }, "geometry": { "type": "MultiLineString", "coordinates": [ [ [ -8.705269488319626, 42.057064523834704 ], [ -8.70488789711958, 42.056180305373495 ] ] ] } },
{ "type": "Feature", "properties": { "id": null, "LONG": 57.914407429493814 }, "geometry": { "type": "MultiLineString", "coordinates": [ [ [ -8.705430176710783, 42.057571987964529 ], [ -8.705269488319626, 42.057064523834704 ] ] ] } },
{ "type": "Feature", "properties": { "id": null, "LONG": 36.076916265146401 }, "geometry": { "type": "MultiLineString", "coordinates": [ [ [ -8.705422391359836, 42.057896735687372 ], [ -8.705430176710783, 42.057571987964529 ] ] ] } },
{ "type": "Feature", "properties": { "id": null, "LONG": 59.313851773609969 }, "geometry": { "type": "MultiLineString", "coordinates": [ [ [ -8.705022142873034, 42.058339668236933 ], [ -8.705422391359836, 42.057896735687372 ] ] ] } },
{ "type": "Feature", "properties": { "id": null, "LONG": 24.435707862277074 }, "geometry": { "type": "MultiLineString", "coordinates": [ [ [ -8.70488487753183, 42.058534433548864 ], [ -8.705022142873034, 42.058339668236933 ] ] ] } },
{ "type": "Feature", "properties": { "id": null, "LONG": 11.379059446102456 }, "geometry": { "type": "MultiLineString", "coordinates": [ [ [ -8.704788915003837, 42.05860778838916 ], [ -8.70488487753183, 42.058534433548864 ] ] ] } },
{ "type": "Feature", "properties": { "id": null, "LONG": 15.453915065742599 }, "geometry": { "type": "MultiLineString", "coordinates": [ [ [ -8.70518186636119, 42.055667002049105 ], [ -8.705304617428917, 42.055562174626374 ] ] ] } },
{ "type": "Feature", "properties": { "id": null, "LONG": 15.489064901605873 }, "geometry": { "type": "MultiLineString", "coordinates": [ [ [ -8.705304617428917, 42.055562174626374 ], [ -8.705402368435887, 42.055443268682886 ] ] ] } },
{ "type": "Feature", "properties": { "id": null, "LONG": 186.20177967054366 }, "geometry": { "type": "MultiLineString", "coordinates": [ [ [ -8.703364438696642, 42.05475281791346 ], [ -8.70121404157482, 42.054261056340152 ] ] ] } },
{ "type": "Feature", "properties": { "id": null, "LONG": 53.928774580864101 }, "geometry": { "type": "MultiLineString", "coordinates": [ [ [ -8.704253667630956, 42.058884605097361 ], [ -8.704788915003837, 42.05860778838916 ] ] ] } },
{ "type": "Feature", "properties": { "id": null, "LONG": 185.31239164264591 }, "geometry": { "type": "MultiLineString", "coordinates": [ [ [ -8.705402368435887, 42.055443268682886 ], [ -8.703364438696642, 42.05475281791346 ] ] ] } },
{ "type": "Feature", "properties": { "id": null, "LONG": 46.116906897747889 }, "geometry": { "type": "MultiLineString", "coordinates": [ [ [ -8.649001341326091, 42.073837397217162 ], [ -8.648523584424906, 42.073623662810256 ] ] ] } },
{ "type": "Feature", "properties": { "id": null, "LONG": 64.94824603780043 }, "geometry": { "type": "MultiLineString", "coordinates": [ [ [ -8.649504774495997, 42.074285975451126 ], [ -8.649001341326091, 42.073837397217162 ] ] ] } },
{ "type": "Feature", "properties": { "id": null, "LONG": 64.970136729136655 }, "geometry": { "type": "MultiLineString", "coordinates": [ [ [ -8.649890226386347, 42.07479554995485 ], [ -8.649504774495997, 42.074285975451126 ] ] ] } },
{ "type": "Feature", "properties": { "id": null, "LONG": 56.160395926637158 }, "geometry": { "type": "MultiLineString", "coordinates": [ [ [ -8.650347021495946, 42.07516947555105 ], [ -8.649890226386347, 42.07479554995485 ] ] ] } },
{ "type": "Feature", "properties": { "id": null, "LONG": 36.453307913629601 }, "geometry": { "type": "MultiLineString", "coordinates": [ [ [ -8.650726340615162, 42.075330527491374 ], [ -8.650694008332918, 42.075322972605953 ], [ -8.650662058349532, 42.075314563285829 ], [ -8.650630531331233, 42.075305310234526 ], [ -8.650599467405845, 42.075295225229446 ], [ -8.650568906111708, 42.075284321106921 ], [ -8.650538886347341, 42.075272611745824 ], [ -8.650509446321944, 42.075260112050003 ], [ -8.650480623506748, 42.075246837929186 ], [ -8.650452454587326, 42.075232806278834 ], [ -8.650424975416895, 42.075218034958517 ], [ -8.650398220970686, 42.075202542769333 ], [ -8.650372225301414, 42.075186349429863 ], [ -8.650347021495946, 42.07516947555105 ] ] ] } },
{ "type": "Feature", "properties": { "id": null, "LONG": 38.691521995843154 }, "geometry": { "type": "MultiLineString", "coordinates": [ [ [ -8.650726340615162, 42.075330527491374 ], [ -8.651193499678847, 42.075344851202793 ] ] ] } },
{ "type": "Feature", "properties": { "id": null, "LONG": 230.67699914074777 }, "geometry": { "type": "MultiLineString", "coordinates": [ [ [ -8.655916200302844, 42.057305719952417 ], [ -8.655749343300654, 42.057241543210147 ], [ -8.655538337753663, 42.057096940241472 ], [ -8.655449321946632, 42.057068986876388 ], [ -8.655352846719953, 42.057043776056666 ], [ -8.655193043274037, 42.057054365133389 ], [ -8.655063130968594, 42.057026297602569 ], [ -8.654926005424548, 42.056962200006744 ], [ -8.654848444622763, 42.056878908278414 ], [ -8.654796930405688, 42.056781815730339 ], [ -8.654708677369889, 42.056615424229228 ], [ -8.654554181313454, 42.056327019543879 ], [ -8.654518673205363, 42.056019545717312 ], [ -8.654614776572734, 42.055800777349319 ] ] ] } },
{ "type": "Feature", "properties": { "id": null, "LONG": 949.27261718724515 }, "geometry": { "type": "MultiLineString", "coordinates": [ [ [ -8.676611147340671, 42.067469801697989 ], [ -8.675753933277242, 42.067395812970844 ], [ -8.675486957472877, 42.067144746325731 ], [ -8.675390487026117, 42.067019272926402 ], [ -8.67512979912869, 42.066735013145326 ], [ -8.674869034399025, 42.066438171955845 ], [ -8.674564144313873, 42.066284069857588 ], [ -8.674255219314535, 42.066119192380675 ], [ -8.674065778948846, 42.066062104460173 ], [ -8.673762597868407, 42.065985842939234 ], [ -8.673621776947092, 42.06589105117046 ], [ -8.673472003929838, 42.065790923951091 ], [ -8.673372988366072, 42.065707394682605 ], [ -8.673056451589263, 42.06555970789524 ], [ -8.672816226333211, 42.065540173277995 ], [ -8.672703164156015, 42.065389050684807 ], [ -8.672632324756336, 42.065166886438554 ], [ -8.672575179686961, 42.065028692985301 ], [ -8.672348778023128, 42.064823988055593 ], [ -8.672184101117713, 42.064589712643858 ], [ -8.67195618307235, 42.064141777846352 ], [ -8.671919508841958, 42.063676404763122 ], [ -8.671712562639595, 42.063431790993384 ], [ -8.671325686582266, 42.063212962209505 ], [ -8.671025520579986, 42.062909958212714 ], [ -8.670641398645554, 42.062680633370228 ], [ -8.669985091072741, 42.062120944894232 ], [ -8.66945976590633, 42.061808229420734 ], [ -8.669141391365239, 42.061679168754488 ] ] ] } },
{ "type": "Feature", "properties": { "id": null, "LONG": 381.99537517443815 }, "geometry": { "type": "MultiLineString", "coordinates": [ [ [ -8.669141391365239, 42.061679168754488 ], [ -8.668840089506824, 42.061253650307791 ], [ -8.668505413157774, 42.060827044463885 ], [ -8.668002512287774, 42.060497470481948 ], [ -8.667601610990866, 42.060280774256995 ], [ -8.667331231901564, 42.060239764520993 ], [ -8.667174024181215, 42.060299015104711 ], [ -8.666712025894649, 42.0602125297371 ], [ -8.666424455249068, 42.060121252356758 ], [ -8.666146849857096, 42.059820255382633 ], [ -8.665889750055882, 42.059582107815636 ] ] ] } },
{ "type": "Feature", "properties": { "id": null, "LONG": 29.864281678615203 }, "geometry": { "type": "MultiLineString", "coordinates": [ [ [ -8.676325483471475, 42.067634068385495 ], [ -8.676611147340671, 42.067469801697989 ] ] ] } },
{ "type": "Feature", "properties": { "id": null, "LONG": 40.682271709176817 }, "geometry": { "type": "MultiLineString", "coordinates": [ [ [ -8.676355271623816, 42.067999656040975 ], [ -8.676325483471475, 42.067634068385495 ] ] ] } },
{ "type": "Feature", "properties": { "id": null, "LONG": 616.90905467955531 }, "geometry": { "type": "MultiLineString", "coordinates": [ [ [ -8.665889750055868, 42.059582107815629 ], [ -8.665715816948348, 42.059451465586278 ], [ -8.665367451415804, 42.059278785395058 ], [ -8.665144966316509, 42.05919506899766 ], [ -8.664801076238852, 42.058872873249804 ], [ -8.664552575322336, 42.058786323707686 ], [ -8.663999758762655, 42.058632423720297 ], [ -8.663543201289247, 42.05855078371988 ], [ -8.66320927806758, 42.058455658752969 ], [ -8.66285324322223, 42.058330016683492 ], [ -8.662731118707013, 42.058238286321561 ], [ -8.662482662006871, 42.058148949394479 ], [ -8.661973954856622, 42.058086540898287 ], [ -8.661717734425961, 42.058055334805402 ], [ -8.661342847285448, 42.057985004808174 ], [ -8.660801114739527, 42.057844947177252 ], [ -8.660663868941178, 42.057797482195745 ], [ -8.66041550541104, 42.057691523961516 ], [ -8.660126461692276, 42.057549463519273 ], [ -8.659881667798809, 42.057465679843062 ], [ -8.659647849410584, 42.057417891389264 ], [ -8.659228079954449, 42.057400037701505 ] ] ] } },
{ "type": "Feature", "properties": { "id": null, "LONG": 204.82375198887399 }, "geometry": { "type": "MultiLineString", "coordinates": [ [ [ -8.645315498529795, 42.060447234036978 ], [ -8.645211524442962, 42.060435834605912 ], [ -8.645077883899727, 42.060410518280499 ], [ -8.644740752368472, 42.060235027257683 ], [ -8.644470982632729, 42.059965607416729 ], [ -8.644175582955572, 42.059635178123401 ], [ -8.643980377257895, 42.059324477035986 ], [ -8.643903871299706, 42.059050107131277 ] ] ] } },
{ "type": "Feature", "properties": { "id": null, "LONG": 37.973028411955077 }, "geometry": { "type": "MultiLineString", "coordinates": [ [ [ -8.642030655114024, 42.047259146860767 ], [ -8.641896282016129, 42.047427075396826 ], [ -8.641817516773571, 42.047561126650059 ] ] ] } },
{ "type": "Feature", "properties": { "id": null, "LONG": 329.99500772303094 }, "geometry": { "type": "MultiLineString", "coordinates": [ [ [ -8.648611554167303, 42.071379314297644 ], [ -8.648748837084744, 42.071246113553293 ], [ -8.648839102623949, 42.071052578091646 ], [ -8.64885064134215, 42.070983389144075 ], [ -8.648846380062936, 42.070741082205927 ], [ -8.648860920264212, 42.070462860667 ], [ -8.648891457464313, 42.069979789274456 ], [ -8.648972707592307, 42.069734987874199 ], [ -8.649003002034835, 42.069627083103832 ], [ -8.649208550968543, 42.06908361741997 ], [ -8.649248034550773, 42.068999292765163 ], [ -8.649268809918091, 42.068938445017054 ], [ -8.649297354399062, 42.068816700757246 ], [ -8.649318861116802, 42.068622954699229 ], [ -8.649293310550037, 42.068541187286463 ], [ -8.649275851396107, 42.06850028926381 ] ] ] } },
{ "type": "Feature", "properties": { "id": null, "LONG": 29.452072665138815 }, "geometry": { "type": "MultiLineString", "coordinates": [ [ [ -8.64846904338323, 42.071614227701147 ], [ -8.648483499752009, 42.071518046135175 ], [ -8.648611554167303, 42.071379314297644 ] ] ] } },
{ "type": "Feature", "properties": { "id": null, "LONG": 36.982939066593914 }, "geometry": { "type": "MultiLineString", "coordinates": [ [ [ -8.64966336165708, 42.068657916471778 ], [ -8.649546678029362, 42.068585579938599 ], [ -8.649387197055647, 42.068525541576001 ], [ -8.649275851396107, 42.06850028926381 ] ] ] } },
{ "type": "Feature", "properties": { "id": null, "LONG": 213.26771092184543 }, "geometry": { "type": "MultiLineString", "coordinates": [ [ [ -8.651800504743566, 42.069615511215801 ], [ -8.651799029084636, 42.069544904464969 ], [ -8.651745488758632, 42.069476922757431 ], [ -8.651665938982152, 42.069417148101984 ], [ -8.65117456733998, 42.069227382919095 ], [ -8.650922449215463, 42.06912416693477 ], [ -8.65042556301808, 42.068924663706461 ], [ -8.650063754275891, 42.068825272687917 ], [ -8.649844773731173, 42.068778923600803 ], [ -8.649729925263903, 42.068713500871986 ], [ -8.64966336165708, 42.068657916471778 ] ] ] } },
{ "type": "Feature", "properties": { "id": null, "LONG": 319.07445875602968 }, "geometry": { "type": "MultiLineString", "coordinates": [ [ [ -8.66504671817659, 42.052902860176935 ], [ -8.664845505538119, 42.052735453120611 ], [ -8.664548798788648, 42.0525386123796 ], [ -8.66427132602943, 42.052404972185762 ], [ -8.663683881140525, 42.052123066954884 ], [ -8.662910572976633, 42.051646233184009 ], [ -8.662637857048294, 42.051434885300637 ], [ -8.662243992024996, 42.051119514678923 ], [ -8.662157559580617, 42.051026951947335 ] ] ] } },
{ "type": "Feature", "properties": { "id": null, "LONG": 556.16162586859764 }, "geometry": { "type": "MultiLineString", "coordinates": [ [ [ -8.662157559580617, 42.051026951947335 ], [ -8.661943627391803, 42.050799563584832 ], [ -8.661861946480537, 42.050629242876205 ], [ -8.661779302144911, 42.050230584651956 ], [ -8.661708104272613, 42.050129942533488 ], [ -8.66149833256425, 42.049941446945517 ], [ -8.661231610145389, 42.049837003348991 ], [ -8.6609863639425, 42.049773116120271 ], [ -8.660730222123327, 42.049722147612243 ], [ -8.660384837552307, 42.049691980872858 ], [ -8.659828595886854, 42.049675760977088 ], [ -8.659474336860942, 42.04968280737392 ], [ -8.659322068755568, 42.049711509781446 ], [ -8.65911303103516, 42.049791876216624 ], [ -8.658792545245117, 42.049982043370719 ], [ -8.658073071522967, 42.050420440667175 ], [ -8.657368819122711, 42.050855663508187 ], [ -8.657070370491132, 42.050990825423675 ] ] ] } },
{ "type": "Feature", "properties": { "id": null, "LONG": 264.08319877554806 }, "geometry": { "type": "MultiLineString", "coordinates": [ [ [ -8.657070370491132, 42.050990825423675 ], [ -8.656550108711924, 42.051151234918819 ], [ -8.655372678098752, 42.051473275004462 ], [ -8.654719662729619, 42.051668907477513 ], [ -8.654462595546246, 42.051781508528514 ], [ -8.654239762605734, 42.05200112010963 ], [ -8.654239229297664, 42.052002074425531 ] ] ] } },
{ "type": "Feature", "properties": { "id": null, "LONG": 46.354392867737559 }, "geometry": { "type": "MultiLineString", "coordinates": [ [ [ -8.641793226217411, 42.047587350040047 ], [ -8.641492163984065, 42.047939215561549 ] ] ] } },
{ "type": "Feature", "properties": { "id": null, "LONG": 3.5395132042116151 }, "geometry": { "type": "MultiLineString", "coordinates": [ [ [ -8.641817516773571, 42.047561126650059 ], [ -8.641793226217411, 42.047587350040047 ] ] ] } },
{ "type": "Feature", "properties": { "id": null, "LONG": 49.607720103526738 }, "geometry": { "type": "MultiLineString", "coordinates": [ [ [ -8.655176474358081, 42.055649084540875 ], [ -8.654875163702222, 42.055711864284739 ], [ -8.654614776572734, 42.055800777349319 ] ] ] } },
{ "type": "Feature", "properties": { "id": null, "LONG": 251.29964119376768 }, "geometry": { "type": "MultiLineString", "coordinates": [ [ [ -8.657794972400808, 42.056504214147267 ], [ -8.657762067838775, 42.0564044314049 ], [ -8.657684881409924, 42.056246361212864 ], [ -8.657503452619233, 42.056132301230477 ], [ -8.657050476198812, 42.056072802214196 ], [ -8.656564446126058, 42.055943987072922 ], [ -8.655874418312115, 42.055748080955297 ], [ -8.655521955758831, 42.055655661032453 ], [ -8.655247107993953, 42.05564099268193 ], [ -8.655176474358081, 42.055649084540875 ] ] ] } },
{ "type": "Feature", "properties": { "id": null, "LONG": 163.78954839608647 }, "geometry": { "type": "MultiLineString", "coordinates": [ [ [ -8.659228079954453, 42.057400037701505 ], [ -8.659183778277635, 42.05734729883352 ], [ -8.65918079345793, 42.05721162414347 ], [ -8.65901793713045, 42.057094847700291 ], [ -8.658476360053426, 42.056932650423633 ], [ -8.65810234079084, 42.056693403361677 ], [ -8.657932245738849, 42.056543378598839 ], [ -8.657794972400808, 42.056504214147267 ] ] ] } },
{ "type": "Feature", "properties": { "id": null, "LONG": 33.522839172634264 }, "geometry": { "type": "MultiLineString", "coordinates": [ [ [ -8.648588488990667, 42.071898961710971 ], [ -8.648557137604596, 42.071850655535222 ], [ -8.648497230013037, 42.071724355906561 ], [ -8.648464202423908, 42.071648113479334 ], [ -8.64846904338323, 42.071614227701147 ] ] ] } },
{ "type": "Feature", "properties": { "id": null, "LONG": 295.00359679628303 }, "geometry": { "type": "MultiLineString", "coordinates": [ [ [ -8.654239229297664, 42.052002074425531 ], [ -8.653096773924652, 42.051864506673304 ], [ -8.653016154946181, 42.052001806546137 ], [ -8.652856005068617, 42.052084168446044 ], [ -8.652652191803625, 42.052063921071522 ], [ -8.6524505312205, 42.051797377076966 ], [ -8.652293439235686, 42.051587392013388 ], [ -8.652160289617296, 42.051389683702638 ], [ -8.65198943399886, 42.051469924922984 ], [ -8.651929330446102, 42.051793689834561 ], [ -8.651800326462515, 42.051822161110792 ] ] ] } },
{ "type": "Feature", "properties": { "id": null, "LONG": 41.336632937785318 }, "geometry": { "type": "MultiLineString", "coordinates": [ [ [ -8.642292896899201, 42.046670108800264 ], [ -8.642355269685192, 42.046521053395431 ], [ -8.642445148154033, 42.046315687827772 ] ] ] } },
{ "type": "Feature", "properties": { "id": null, "LONG": 25.466191266320894 }, "geometry": { "type": "MultiLineString", "coordinates": [ [ [ -8.642211186321315, 42.046891092961523 ], [ -8.642267629296738, 42.046730491858362 ], [ -8.642292896899201, 42.046670108800264 ] ] ] } },
{ "type": "Feature", "properties": { "id": null, "LONG": 50.144662255356465 }, "geometry": { "type": "MultiLineString", "coordinates": [ [ [ -8.640949203229596, 42.048588947836549 ], [ -8.641283694531717, 42.04821257889207 ] ] ] } },
{ "type": "Feature", "properties": { "id": null, "LONG": 14.287983998414628 }, "geometry": { "type": "MultiLineString", "coordinates": [ [ [ -8.641283694531717, 42.04821257889207 ], [ -8.641362412352526, 42.048098104070561 ] ] ] } },
{ "type": "Feature", "properties": { "id": null, "LONG": 22.097237375708069 }, "geometry": { "type": "MultiLineString", "coordinates": [ [ [ -8.641362412352526, 42.048098104070561 ], [ -8.64144206942051, 42.048064477053877 ], [ -8.641492163984065, 42.047939215561549 ] ] ] } },
{ "type": "Feature", "properties": { "id": null, "LONG": 53.126333775831306 }, "geometry": { "type": "MultiLineString", "coordinates": [ [ [ -8.640639011080646, 42.049006957370338 ], [ -8.64079340581101, 42.0487740503495 ], [ -8.640949203229596, 42.048588947836549 ] ] ] } },
{ "type": "Feature", "properties": { "id": null, "LONG": 8.0306514038014196 }, "geometry": { "type": "MultiLineString", "coordinates": [ [ [ -8.641833043404144, 42.059679551272048 ], [ -8.641737445268852, 42.05969188313324 ] ] ] } },
{ "type": "Feature", "properties": { "id": null, "LONG": 195.98624724246301 }, "geometry": { "type": "MultiLineString", "coordinates": [ [ [ -8.647668730817522, 42.060630958267581 ], [ -8.647254634572493, 42.060585792726798 ], [ -8.646919700400147, 42.060549950681661 ], [ -8.646621258743975, 42.060526328594491 ], [ -8.646167469864039, 42.060496929405332 ], [ -8.645638468753102, 42.060478648004789 ], [ -8.645315498529795, 42.060447234036978 ] ] ] } },
{ "type": "Feature", "properties": { "id": null, "LONG": 406.31769179671102 }, "geometry": { "type": "MultiLineString", "coordinates": [ ] } },
{ "type": "Feature", "properties": { "id": null, "LONG": 50.437646241019536 }, "geometry": { "type": "MultiLineString", "coordinates": [ ] } },
{ "type": "Feature", "properties": { "id": null, "LONG": 44.812654185129809 }, "geometry": { "type": "MultiLineString", "coordinates": [ [ [ -8.626377117433799, 42.108735394210669 ], [ -8.625835437825895, 42.108744157814925 ] ] ] } },
{ "type": "Feature", "properties": { "id": null, "LONG": 42.608423696991714 }, "geometry": { "type": "MultiLineString", "coordinates": [ [ [ -8.626892118597706, 42.108725955887017 ], [ -8.626377117433799, 42.108735394210669 ] ] ] } },
{ "type": "Feature", "properties": { "id": null, "LONG": 21.621809408482623 }, "geometry": { "type": "MultiLineString", "coordinates": [ [ [ -8.627153522417739, 42.108723896445028 ], [ -8.626892118597706, 42.108725955887017 ] ] ] } },
{ "type": "Feature", "properties": { "id": null, "LONG": 49.11209997138311 }, "geometry": { "type": "MultiLineString", "coordinates": [ [ [ -8.627747044381662, 42.108710620446232 ], [ -8.627153522417739, 42.108723896445028 ] ] ] } },
{ "type": "Feature", "properties": { "id": null, "LONG": 38.445682525742306 }, "geometry": { "type": "MultiLineString", "coordinates": [ [ [ -8.62821178513293, 42.108703940247445 ], [ -8.627747044381662, 42.108710620446232 ] ] ] } },
{ "type": "Feature", "properties": { "id": null, "LONG": 38.695514855401044 }, "geometry": { "type": "MultiLineString", "coordinates": [ [ [ -8.628216167175431, 42.108355583901975 ], [ -8.62821178513293, 42.108703940247445 ] ] ] } },
{ "type": "Feature", "properties": { "id": null, "LONG": 44.213217631504619 }, "geometry": { "type": "MultiLineString", "coordinates": [ [ [ -8.628219267093167, 42.107957543647537 ], [ -8.628216167175431, 42.108355583901975 ] ] ] } },
{ "type": "Feature", "properties": { "id": null, "LONG": 29.729343907770097 }, "geometry": { "type": "MultiLineString", "coordinates": [ [ [ -8.628168225591581, 42.107692605813959 ], [ -8.628219267093167, 42.107957543647537 ] ] ] } },
{ "type": "Feature", "properties": { "id": null, "LONG": 19.690232031109115 }, "geometry": { "type": "MultiLineString", "coordinates": [ [ [ -8.621705045972174, 42.096222903990956 ], [ -8.621768862589001, 42.096052125020009 ] ] ] } },
{ "type": "Feature", "properties": { "id": null, "LONG": 21.644764496659665 }, "geometry": { "type": "MultiLineString", "coordinates": [ [ [ -8.621768862589001, 42.096052125020009 ], [ -8.621810106613221, 42.095859695370848 ] ] ] } },
{ "type": "Feature", "properties": { "id": null, "LONG": 24.274910008425643 }, "geometry": { "type": "MultiLineString", "coordinates": [ [ [ -8.634018299664897, 42.093367460055731 ], [ -8.633741140342737, 42.093439213239314 ] ] ] } },
{ "type": "Feature", "properties": { "id": null, "LONG": 24.669593896877348 }, "geometry": { "type": "MultiLineString", "coordinates": [ [ [ -8.633741140342737, 42.093439213239314 ], [ -8.633474390719396, 42.093538486842945 ] ] ] } },
{ "type": "Feature", "properties": { "id": null, "LONG": 10.955876670365386 }, "geometry": { "type": "MultiLineString", "coordinates": [ [ [ -8.633474390719396, 42.093538486842945 ], [ -8.633542419245737, 42.093623113032635 ] ] ] } },
{ "type": "Feature", "properties": { "id": null, "LONG": 70.270276234423733 }, "geometry": { "type": "MultiLineString", "coordinates": [ [ [ -8.633542419245737, 42.093623113032635 ], [ -8.632889055108169, 42.094027371050764 ] ] ] } },
{ "type": "Feature", "properties": { "id": null, "LONG": 58.278131030120193 }, "geometry": { "type": "MultiLineString", "coordinates": [ [ [ -8.632889055108169, 42.094027371050764 ], [ -8.63220568437953, 42.09415475939938 ] ] ] } },
{ "type": "Feature", "properties": { "id": null, "LONG": 8.2753371682806485 }, "geometry": { "type": "MultiLineString", "coordinates": [ [ [ -8.632344458106632, 42.094318122668078 ], [ -8.632437702477255, 42.09429114968426 ] ] ] } },
{ "type": "Feature", "properties": { "id": null, "LONG": 21.47242714504338 }, "geometry": { "type": "MultiLineString", "coordinates": [ [ [ -8.63220568437953, 42.09415475939938 ], [ -8.632344458106632, 42.094318122668078 ] ] ] } },
{ "type": "Feature", "properties": { "id": null, "LONG": 33.01958153107811 }, "geometry": { "type": "MultiLineString", "coordinates": [ [ [ -8.621810106613221, 42.095859695370848 ], [ -8.62185437449998, 42.095716927840826 ], [ -8.621890383003972, 42.095568585087257 ] ] ] } },
{ "type": "Feature", "properties": { "id": null, "LONG": 693.90872330078753 }, "geometry": { "type": "MultiLineString", "coordinates": [ [ [ -8.616464058754648, 42.089841927319021 ], [ -8.616868334497582, 42.089847762991347 ], [ -8.617299688082619, 42.08986493666864 ], [ -8.617564798592911, 42.089935485786839 ], [ -8.617835880107446, 42.090010548422974 ], [ -8.618062507048387, 42.089959605568041 ], [ -8.618305076658016, 42.089760405165116 ], [ -8.618429866108578, 42.089574277408992 ], [ -8.618555225458735, 42.089305012344411 ], [ -8.618700610494455, 42.089208864690036 ], [ -8.619034868902958, 42.089322330992772 ], [ -8.619359472747911, 42.089527918869756 ], [ -8.619665958995734, 42.089744685897642 ], [ -8.619966511525007, 42.089938961218856 ], [ -8.620276107900262, 42.090137732900097 ], [ -8.620494852234001, 42.090394673557839 ], [ -8.620632542746126, 42.09057715928914 ], [ -8.62092142155945, 42.090708447034963 ], [ -8.621313190754785, 42.090795158187355 ], [ -8.621707910216664, 42.090884111340259 ], [ -8.622102841812843, 42.090941586101138 ], [ -8.622440967100326, 42.090911230327222 ], [ -8.622824445598019, 42.090863054652601 ], [ -8.623096200122321, 42.090830236165992 ], [ -8.623338388978482, 42.090793541944812 ] ] ] } },
{ "type": "Feature", "properties": { "id": null, "LONG": 234.65901948593549 }, "geometry": { "type": "MultiLineString", "coordinates": [ [ [ -8.636386405431434, 42.094433738224154 ], [ -8.635583787850591, 42.093978831763245 ], [ -8.635031295362376, 42.093636765310656 ], [ -8.634845175425999, 42.093542793820809 ], [ -8.634572717225087, 42.093440225119664 ], [ -8.634391993829157, 42.09337326256275 ], [ -8.634082855983312, 42.093353597765059 ], [ -8.634018299664897, 42.093367460055731 ] ] ] } },
{ "type": "Feature", "properties": { "id": null, "LONG": 9.3522870297548302 }, "geometry": { "type": "MultiLineString", "coordinates": [ [ [ -8.64275583400455, 42.095227618853393 ], [ -8.642825072956462, 42.09516106060363 ] ] ] } },
{ "type": "Feature", "properties": { "id": null, "LONG": 82.373608742422547 }, "geometry": { "type": "MultiLineString", "coordinates": [ [ [ -8.630161016015164, 42.107180813016512 ], [ -8.629165303567772, 42.107195729588909 ] ] ] } },
{ "type": "Feature", "properties": { "id": null, "LONG": 99.23327284298847 }, "geometry": { "type": "MultiLineString", "coordinates": [ [ [ -8.629165303567772, 42.107195729588909 ], [ -8.628168225591581, 42.107692605813959 ] ] ] } },
{ "type": "Feature", "properties": { "id": null, "LONG": 30.232578747819865 }, "geometry": { "type": "MultiLineString", "coordinates": [ [ [ -8.642825072956462, 42.09516106060363 ], [ -8.642709524966534, 42.094902842503764 ] ] ] } },
{ "type": "Feature", "properties": { "id": null, "LONG": 88.938628794677456 }, "geometry": { "type": "MultiLineString", "coordinates": [ [ [ -8.622359102759209, 42.093995735127862 ], [ -8.622431294206843, 42.093773837977956 ], [ -8.622502945270522, 42.09353675242415 ], [ -8.622597086222708, 42.093214931109472 ] ] ] } },
{ "type": "Feature", "properties": { "id": null, "LONG": 155.56454652590412 }, "geometry": { "type": "MultiLineString", "coordinates": [ [ [ -8.621946042575798, 42.095361894833736 ], [ -8.621966661833099, 42.095279230631121 ], [ -8.622068150260086, 42.094919737316431 ], [ -8.622176339218775, 42.094588366225246 ], [ -8.622274103442694, 42.094277342406357 ], [ -8.622347525831691, 42.094031319347707 ], [ -8.622359102759209, 42.093995735127862 ] ] ] } },
{ "type": "Feature", "properties": { "id": null, "LONG": 23.417897825930709 }, "geometry": { "type": "MultiLineString", "coordinates": [ [ [ -8.621890383003972, 42.095568585087257 ], [ -8.621919278768631, 42.095469192681229 ], [ -8.621946042575798, 42.095361894833736 ] ] ] } },
{ "type": "Feature", "properties": { "id": null, "LONG": 199.62069335014473 }, "geometry": { "type": "MultiLineString", "coordinates": [ [ [ -8.622808519744014, 42.092539817349063 ], [ -8.622852314122504, 42.092394642920809 ], [ -8.622909950687676, 42.092205965977115 ], [ -8.623018298413069, 42.091850330931585 ], [ -8.62307242880996, 42.091675692514734 ], [ -8.623157963840775, 42.091406760034388 ], [ -8.623260910127764, 42.091086817759866 ], [ -8.623359980568761, 42.090790270559332 ] ] ] } },
{ "type": "Feature", "properties": { "id": null, "LONG": 77.00455344470879 }, "geometry": { "type": "MultiLineString", "coordinates": [ [ [ -8.622597086222708, 42.093214931109472 ], [ -8.622785983213445, 42.092603672963911 ], [ -8.622808519744014, 42.092539817349063 ] ] ] } },
{ "type": "Feature", "properties": { "id": null, "LONG": 177.58354560867238 }, "geometry": { "type": "MultiLineString", "coordinates": [ [ [ -8.671928866399531, 42.049458243842444 ], [ -8.671881728507451, 42.049333395056948 ], [ -8.671872358000734, 42.049038583074882 ], [ -8.671489182274794, 42.04875568925182 ], [ -8.670912270665518, 42.048114281450935 ] ] ] } },
{ "type": "Feature", "properties": { "id": null, "LONG": 183.89093173488982 }, "geometry": { "type": "MultiLineString", "coordinates": [ [ [ -8.672676652880826, 42.050472672727508 ], [ -8.672605029097202, 42.050456274623379 ], [ -8.672518703102538, 42.050340230835573 ], [ -8.672554163107487, 42.050207521079436 ], [ -8.672696046098281, 42.05007996038421 ], [ -8.672751115623498, 42.049935976210435 ], [ -8.672869393838781, 42.049754920992115 ], [ -8.672876289331139, 42.0496804382649 ], [ -8.671928866399531, 42.049458243842444 ] ] ] } },
{ "type": "Feature", "properties": { "id": null, "LONG": 479.08903888358611 }, "geometry": { "type": "MultiLineString", "coordinates": [ [ [ -8.669833255335917, 42.051279235904069 ], [ -8.669704229518093, 42.051018097400387 ], [ -8.669688107392366, 42.050773495555937 ], [ -8.669651859148217, 42.050637319937067 ], [ -8.669537269419067, 42.050522003151684 ], [ -8.669733554112391, 42.050391378400512 ], [ -8.669951218616374, 42.050320744528804 ], [ -8.670249041317327, 42.05030539774976 ], [ -8.670510108926203, 42.050244605599751 ], [ -8.670697431139514, 42.050164129081573 ], [ -8.67041529182246, 42.050088825870652 ], [ -8.670267922233629, 42.05001228803895 ], [ -8.67012738845756, 42.049875830917628 ], [ -8.670071852292885, 42.04968618198351 ], [ -8.670144026398932, 42.0491778152034 ], [ -8.670298750783198, 42.048672918856234 ], [ -8.670334503890444, 42.048481893014028 ], [ -8.67044195282404, 42.04829270323048 ], [ -8.670605385386567, 42.0482040973477 ], [ -8.670912270665518, 42.048114281450935 ] ] ] } },
{ "type": "Feature", "properties": { "id": null, "LONG": 155.85155133583865 }, "geometry": { "type": "MultiLineString", "coordinates": [ [ [ -8.673830526267571, 42.051098685276877 ], [ -8.673752426876407, 42.05082121773281 ], [ -8.673680241772519, 42.050769514013403 ], [ -8.673593830947652, 42.050667214827683 ], [ -8.67341372128411, 42.050611636285574 ], [ -8.673183560419524, 42.050576972318574 ], [ -8.673084148857738, 42.050469790190071 ], [ -8.673060877750014, 42.050346631070411 ], [ -8.673034916654414, 42.050323878564932 ], [ -8.672871715361332, 42.050362294901028 ], [ -8.672721518589835, 42.050412078356651 ], [ -8.672676652880826, 42.050472672727508 ] ] ] } },
{ "type": "Feature", "properties": { "id": null, "LONG": 23.171095668293518 }, "geometry": { "type": "MultiLineString", "coordinates": [ [ [ -8.633200023872378, 42.154957721158851 ], [ -8.632951186029825, 42.154861628581699 ] ] ] } },
{ "type": "Feature", "properties": { "id": null, "LONG": 21.349780787125528 }, "geometry": { "type": "MultiLineString", "coordinates": [ [ [ -8.633433228780222, 42.155040388738243 ], [ -8.633200023872378, 42.154957721158851 ] ] ] } },
{ "type": "Feature", "properties": { "id": null, "LONG": 20.101148077512295 }, "geometry": { "type": "MultiLineString", "coordinates": [ [ [ -8.633648462524098, 42.155124655639092 ], [ -8.633433228780222, 42.155040388738243 ] ] ] } },
{ "type": "Feature", "properties": { "id": null, "LONG": 14.618258866642195 }, "geometry": { "type": "MultiLineString", "coordinates": [ [ [ -8.633807652364913, 42.155182012263992 ], [ -8.633648462524098, 42.155124655639092 ] ] ] } },
{ "type": "Feature", "properties": { "id": null, "LONG": 22.925625469797964 }, "geometry": { "type": "MultiLineString", "coordinates": [ [ [ -8.634054311551758, 42.155276429846225 ], [ -8.633807652364913, 42.155182012263992 ] ] ] } },
{ "type": "Feature", "properties": { "id": null, "LONG": 30.063208473776008 }, "geometry": { "type": "MultiLineString", "coordinates": [ [ [ -8.634379396417312, 42.155397854872867 ], [ -8.634054311551758, 42.155276429846225 ] ] ] } },
{ "type": "Feature", "properties": { "id": null, "LONG": 12.959666968820303 }, "geometry": { "type": "MultiLineString", "coordinates": [ [ [ -8.632951186029825, 42.154861628581699 ], [ -8.632809896955198, 42.154811028822863 ] ] ] } },
{ "type": "Feature", "properties": { "id": null, "LONG": 16.199887542491258 }, "geometry": { "type": "MultiLineString", "coordinates": [ [ [ -8.632809896955198, 42.154811028822863 ], [ -8.632637292976719, 42.154741919534267 ] ] ] } },
{ "type": "Feature", "properties": { "id": null, "LONG": 60.319798257336522 }, "geometry": { "type": "MultiLineString", "coordinates": [ [ [ -8.632763041696444, 42.155141891258225 ], [ -8.632419817956098, 42.154662642107134 ] ] ] } },
{ "type": "Feature", "properties": { "id": null, "LONG": 25.177724183388055 }, "geometry": { "type": "MultiLineString", "coordinates": [ [ [ -8.633045705716132, 42.155226411125589 ], [ -8.632763041696444, 42.155141891258225 ] ] ] } },
{ "type": "Feature", "properties": { "id": null, "LONG": 23.286322904581102 }, "geometry": { "type": "MultiLineString", "coordinates": [ [ [ -8.633290006310375, 42.155330846934113 ], [ -8.633045705716132, 42.155226411125589 ] ] ] } },
{ "type": "Feature", "properties": { "id": null, "LONG": 31.395851950012069 }, "geometry": { "type": "MultiLineString", "coordinates": [ [ [ -8.63472023492675, 42.155522652496771 ], [ -8.634379396417312, 42.155397854872867 ] ] ] } },
{ "type": "Feature", "properties": { "id": null, "LONG": 52.408009734703398 }, "geometry": { "type": "MultiLineString", "coordinates": [ [ [ -8.632419817956098, 42.154662642107134 ], [ -8.63185253650764, 42.15445182960849 ] ] ] } },
{ "type": "Feature", "properties": { "id": null, "LONG": 20.015418972295542 }, "geometry": { "type": "MultiLineString", "coordinates": [ [ [ -8.632637292976719, 42.154741919534267 ], [ -8.632419817956098, 42.154662642107134 ] ] ] } },
{ "type": "Feature", "properties": { "id": null, "LONG": 8.8224066002074224 }, "geometry": { "type": "MultiLineString", "coordinates": [ [ [ -8.634812127776467, 42.155563068555594 ], [ -8.63472023492675, 42.155522652496771 ] ] ] } },
{ "type": "Feature", "properties": { "id": null, "LONG": 23.920528574993792 }, "geometry": { "type": "MultiLineString", "coordinates": [ [ [ -8.633975755116087, 42.156036905171959 ], [ -8.633715657578309, 42.155942444529913 ] ] ] } },
{ "type": "Feature", "properties": { "id": null, "LONG": 22.271049982961841 }, "geometry": { "type": "MultiLineString", "coordinates": [ [ [ -8.634220212276247, 42.15612126421491 ], [ -8.633975755116087, 42.156036905171959 ] ] ] } },
{ "type": "Feature", "properties": { "id": null, "LONG": 22.921605076358762 }, "geometry": { "type": "MultiLineString", "coordinates": [ [ [ -8.633715657578309, 42.155942444529913 ], [ -8.633469044684981, 42.155848035383364 ] ] ] } },
{ "type": "Feature", "properties": { "id": null, "LONG": 41.632181003439896 }, "geometry": { "type": "MultiLineString", "coordinates": [ [ [ -8.633469044684981, 42.155848035383364 ], [ -8.63333627793364, 42.155486481383292 ] ] ] } },
{ "type": "Feature", "properties": { "id": null, "LONG": 17.705252296895335 }, "geometry": { "type": "MultiLineString", "coordinates": [ [ [ -8.63333627793364, 42.155486481383292 ], [ -8.633290006310375, 42.155330846934113 ] ] ] } },
{ "type": "Feature", "properties": { "id": null, "LONG": 38.535624975445678 }, "geometry": { "type": "MultiLineString", "coordinates": [ [ [ -8.631329741338099, 42.150634874100788 ], [ -8.630915010988778, 42.150476387838097 ] ] ] } },
{ "type": "Feature", "properties": { "id": null, "LONG": 61.958015820105999 }, "geometry": { "type": "MultiLineString", "coordinates": [ [ [ -8.631997842136849, 42.150887811469616 ], [ -8.631329741338099, 42.150634874100788 ] ] ] } },
{ "type": "Feature", "properties": { "id": null, "LONG": 47.018511669451897 }, "geometry": { "type": "MultiLineString", "coordinates": [ [ [ -8.632511300951377, 42.151070017739137 ], [ -8.631997842136849, 42.150887811469616 ] ] ] } },
{ "type": "Feature", "properties": { "id": null, "LONG": 32.563190330405632 }, "geometry": { "type": "MultiLineString", "coordinates": [ [ [ -8.632858740406011, 42.151208225636928 ], [ -8.632511300951377, 42.151070017739137 ] ] ] } },
{ "type": "Feature", "properties": { "id": null, "LONG": 35.380725782443271 }, "geometry": { "type": "MultiLineString", "coordinates": [ [ [ -8.630915010988778, 42.150476387838097 ], [ -8.630531629100629, 42.150334716926963 ] ] ] } },
{ "type": "Feature", "properties": { "id": null, "LONG": 11.933623881837287 }, "geometry": { "type": "MultiLineString", "coordinates": [ [ [ -8.630531629100629, 42.150334716926963 ], [ -8.630425094670846, 42.150262205434501 ] ] ] } },
{ "type": "Feature", "properties": { "id": null, "LONG": 41.231892091259787 }, "geometry": { "type": "MultiLineString", "coordinates": [ [ [ -8.618237192228335, 42.139874202918378 ], [ -8.618556175077401, 42.139588841408354 ] ] ] } },
{ "type": "Feature", "properties": { "id": null, "LONG": 45.765441672059275 }, "geometry": { "type": "MultiLineString", "coordinates": [ [ [ -8.617944527069358, 42.14022393903403 ], [ -8.618237192228335, 42.139874202918378 ] ] ] } },
{ "type": "Feature", "properties": { "id": null, "LONG": 37.877608010976004 }, "geometry": { "type": "MultiLineString", "coordinates": [ [ [ -8.617725941688127, 42.140523638339808 ], [ -8.617944527069358, 42.14022393903403 ] ] ] } },
{ "type": "Feature", "properties": { "id": null, "LONG": 35.517812790847152 }, "geometry": { "type": "MultiLineString", "coordinates": [ [ [ -8.617477793267234, 42.140784673141781 ], [ -8.617725941688127, 42.140523638339808 ] ] ] } },
{ "type": "Feature", "properties": { "id": null, "LONG": 38.484073612378374 }, "geometry": { "type": "MultiLineString", "coordinates": [ [ [ -8.617230970491564, 42.141078432158587 ], [ -8.617477793267234, 42.140784673141781 ] ] ] } },
{ "type": "Feature", "properties": { "id": null, "LONG": 29.529811602515924 }, "geometry": { "type": "MultiLineString", "coordinates": [ [ [ -8.617033301948206, 42.141299870997443 ], [ -8.617230970491564, 42.141078432158587 ] ] ] } },
{ "type": "Feature", "properties": { "id": null, "LONG": 15.211941399717574 }, "geometry": { "type": "MultiLineString", "coordinates": [ [ [ -8.616914886101897, 42.141404697751682 ], [ -8.617033301948206, 42.141299870997443 ] ] ] } },
{ "type": "Feature", "properties": { "id": null, "LONG": 57.276818546644506 }, "geometry": { "type": "MultiLineString", "coordinates": [ [ [ -8.616321093720389, 42.141670411613617 ], [ -8.616914886101897, 42.141404697751682 ] ] ] } },
{ "type": "Feature", "properties": { "id": null, "LONG": 19.371840259142584 }, "geometry": { "type": "MultiLineString", "coordinates": [ [ [ -8.61609463231353, 42.141715244627669 ], [ -8.616321093720389, 42.141670411613617 ] ] ] } },
{ "type": "Feature", "properties": { "id": null, "LONG": 36.155027373148393 }, "geometry": { "type": "MultiLineString", "coordinates": [ [ [ -8.615985930686195, 42.14203052899893 ], [ -8.61609463231353, 42.141715244627669 ] ] ] } },
{ "type": "Feature", "properties": { "id": null, "LONG": 67.07708294641759 }, "geometry": { "type": "MultiLineString", "coordinates": [ [ [ -8.618556175077401, 42.139588841408354 ], [ -8.619128584143736, 42.139160844608355 ] ] ] } },
{ "type": "Feature", "properties": { "id": null, "LONG": 112.92010161820717 }, "geometry": { "type": "MultiLineString", "coordinates": [ [ [ -8.619128584143736, 42.139160844608355 ], [ -8.620122609712585, 42.138463605395302 ] ] ] } },
{ "type": "Feature", "properties": { "id": null, "LONG": 44.108148907273538 }, "geometry": { "type": "MultiLineString", "coordinates": [ [ [ -8.620122609712585, 42.138463605395302 ], [ -8.620516871397719, 42.13819605910593 ] ] ] } },
{ "type": "Feature", "properties": { "id": null, "LONG": 66.14068118550297 }, "geometry": { "type": "MultiLineString", "coordinates": [ [ [ -8.620285072911795, 42.137599393063525 ], [ -8.620585375606268, 42.138151307542323 ] ] ] } },
{ "type": "Feature", "properties": { "id": null, "LONG": 41.961774959922678 }, "geometry": { "type": "MultiLineString", "coordinates": [ [ [ -8.618818674040893, 42.138113866319827 ], [ -8.618925047703275, 42.137744480150104 ] ] ] } },
{ "type": "Feature", "properties": { "id": null, "LONG": 67.896599738932295 }, "geometry": { "type": "MultiLineString", "coordinates": [ [ [ -8.617316012118346, 42.139077965158329 ], [ -8.617824674759822, 42.138598050791494 ] ] ] } },
{ "type": "Feature", "properties": { "id": null, "LONG": 134.40596188713042 }, "geometry": { "type": "MultiLineString", "coordinates": [ [ [ -8.615997099723705, 42.139785507738367 ], [ -8.617316012118346, 42.139077965158329 ] ] ] } },
{ "type": "Feature", "properties": { "id": null, "LONG": 86.303007756037275 }, "geometry": { "type": "MultiLineString", "coordinates": [ [ [ -8.615114994086564, 42.140201053762141 ], [ -8.615997099723705, 42.139785507738367 ] ] ] } },
{ "type": "Feature", "properties": { "id": null, "LONG": 90.361676288984086 }, "geometry": { "type": "MultiLineString", "coordinates": [ [ [ -8.615707757652977, 42.140884556877459 ], [ -8.615114994086564, 42.140201053762141 ] ] ] } },
{ "type": "Feature", "properties": { "id": null, "LONG": 24.144423452976184 }, "geometry": { "type": "MultiLineString", "coordinates": [ [ [ -8.615454197190049, 42.140992432909009 ], [ -8.615707757652977, 42.140884556877459 ] ] ] } },
{ "type": "Feature", "properties": { "id": null, "LONG": 30.255240883111561 }, "geometry": { "type": "MultiLineString", "coordinates": [ [ [ -8.615447829710909, 42.141264774861867 ], [ -8.615454197190049, 42.140992432909009 ] ] ] } },
{ "type": "Feature", "properties": { "id": null, "LONG": 62.490232770209573 }, "geometry": { "type": "MultiLineString", "coordinates": [ [ [ -8.614792719919407, 42.141545478133857 ], [ -8.615447829710909, 42.141264774861867 ] ] ] } },
{ "type": "Feature", "properties": { "id": null, "LONG": 45.175336616153317 }, "geometry": { "type": "MultiLineString", "coordinates": [ [ [ -8.614270500422272, 42.141665301418811 ], [ -8.614792719919407, 42.141545478133857 ] ] ] } },
{ "type": "Feature", "properties": { "id": null, "LONG": 98.209715780758032 }, "geometry": { "type": "MultiLineString", "coordinates": [ [ [ -8.617824674759822, 42.138598050791494 ], [ -8.618818674040893, 42.138113866319827 ] ] ] } },
{ "type": "Feature", "properties": { "id": null, "LONG": 62.894751385962664 }, "geometry": { "type": "MultiLineString", "coordinates": [ [ [ -8.613510135720832, 42.141684952511397 ], [ -8.614270500422272, 42.141665301418811 ] ] ] } },
{ "type": "Feature", "properties": { "id": null, "LONG": 19.441363599650913 }, "geometry": { "type": "MultiLineString", "coordinates": [ [ [ -8.613308039422407, 42.141595441219351 ], [ -8.613510135720832, 42.141684952511397 ] ] ] } },
{ "type": "Feature", "properties": { "id": null, "LONG": 52.173498756549947 }, "geometry": { "type": "MultiLineString", "coordinates": [ [ [ -8.619660845221318, 42.137668474870921 ], [ -8.620285072911795, 42.137599393063525 ] ] ] } },
{ "type": "Feature", "properties": { "id": null, "LONG": 61.412822060008743 }, "geometry": { "type": "MultiLineString", "coordinates": [ [ [ -8.618925047703275, 42.137744480150104 ], [ -8.619660845221318, 42.137668474870921 ] ] ] } },
{ "type": "Feature", "properties": { "id": null, "LONG": 11.620677888649862 }, "geometry": { "type": "MultiLineString", "coordinates": [ [ [ -8.631817271890059, 42.15441751702452 ], [ -8.631731862372686, 42.154334413096542 ] ] ] } },
{ "type": "Feature", "properties": { "id": null, "LONG": 56.92380693007054 }, "geometry": { "type": "MultiLineString", "coordinates": [ [ [ -8.631731862372686, 42.154334413096542 ], [ -8.631729531819692, 42.153821941100929 ] ] ] } },
{ "type": "Feature", "properties": { "id": null, "LONG": 14.762236384059758 }, "geometry": { "type": "MultiLineString", "coordinates": [ [ [ -8.62672137237295, 42.152135590351435 ], [ -8.626548887370278, 42.152170081994711 ] ] ] } },
{ "type": "Feature", "properties": { "id": null, "LONG": 62.704374054780168 }, "geometry": { "type": "MultiLineString", "coordinates": [ [ [ -8.627457349913941, 42.152272556209965 ], [ -8.62672137237295, 42.152135590351435 ] ] ] } },
{ "type": "Feature", "properties": { "id": null, "LONG": 55.533986610343703 }, "geometry": { "type": "MultiLineString", "coordinates": [ [ [ -8.628124102575896, 42.152334287623916 ], [ -8.627457349913941, 42.152272556209965 ] ] ] } },
{ "type": "Feature", "properties": { "id": null, "LONG": 180.11958034693623 }, "geometry": { "type": "MultiLineString", "coordinates": [ [ [ -8.628047484971326, 42.150734518887234 ], [ -8.628260624421376, 42.151551523686379 ], [ -8.628124102575896, 42.152334287623916 ] ] ] } },
{ "type": "Feature", "properties": { "id": null, "LONG": 76.169603034228274 }, "geometry": { "type": "MultiLineString", "coordinates": [ [ [ -8.628852779331666, 42.151067914179158 ], [ -8.628047484971326, 42.150734518887234 ] ] ] } },
{ "type": "Feature", "properties": { "id": null, "LONG": 108.02582039032505 }, "geometry": { "type": "MultiLineString", "coordinates": [ [ [ -8.629809357414249, 42.150405232645241 ], [ -8.628852779331666, 42.151067914179158 ] ] ] } },
{ "type": "Feature", "properties": { "id": null, "LONG": 41.178884754674471 }, "geometry": { "type": "MultiLineString", "coordinates": [ [ [ -8.630240591690828, 42.150507864290049 ], [ -8.629803567297719, 42.150383202292751 ], [ -8.629809357414249, 42.150405232645241 ] ] ] } },
{ "type": "Feature", "properties": { "id": null, "LONG": 31.259238203259638 }, "geometry": { "type": "MultiLineString", "coordinates": [ [ [ -8.630425094670846, 42.150262205434501 ], [ -8.630240591690828, 42.150507864290049 ] ] ] } },
{ "type": "Feature", "properties": { "id": null, "LONG": 26.826590519743483 }, "geometry": { "type": "MultiLineString", "coordinates": [ [ [ -8.623901121478722, 42.144353403063725 ], [ -8.624106986999561, 42.144540105309886 ] ] ] } },
{ "type": "Feature", "properties": { "id": null, "LONG": 22.185287627961046 }, "geometry": { "type": "MultiLineString", "coordinates": [ [ [ -8.622517904541141, 42.14415928447864 ], [ -8.622756839968712, 42.144250242610212 ] ] ] } },
{ "type": "Feature", "properties": { "id": null, "LONG": 30.762020702599106 }, "geometry": { "type": "MultiLineString", "coordinates": [ [ [ -8.622756839968712, 42.144250242610212 ], [ -8.623107185644914, 42.144343619727934 ] ] ] } },
{ "type": "Feature", "properties": { "id": null, "LONG": 65.638314446470773 }, "geometry": { "type": "MultiLineString", "coordinates": [ [ [ -8.623107185644914, 42.144343619727934 ], [ -8.623901121478722, 42.144353403063725 ] ] ] } },
{ "type": "Feature", "properties": { "id": null, "LONG": 23.171095668293518 }, "geometry": { "type": "MultiLineString", "coordinates": [ [ [ -8.633200023872378, 42.154957721158851 ], [ -8.632951186029825, 42.154861628581699 ] ] ] } },
{ "type": "Feature", "properties": { "id": null, "LONG": 21.349780787125528 }, "geometry": { "type": "MultiLineString", "coordinates": [ [ [ -8.633433228780222, 42.155040388738243 ], [ -8.633200023872378, 42.154957721158851 ] ] ] } },
{ "type": "Feature", "properties": { "id": null, "LONG": 20.101148077512295 }, "geometry": { "type": "MultiLineString", "coordinates": [ [ [ -8.633648462524098, 42.155124655639092 ], [ -8.633433228780222, 42.155040388738243 ] ] ] } },
{ "type": "Feature", "properties": { "id": null, "LONG": 14.618258866642195 }, "geometry": { "type": "MultiLineString", "coordinates": [ [ [ -8.633807652364913, 42.155182012263992 ], [ -8.633648462524098, 42.155124655639092 ] ] ] } },
{ "type": "Feature", "properties": { "id": null, "LONG": 22.925625469797964 }, "geometry": { "type": "MultiLineString", "coordinates": [ [ [ -8.634054311551758, 42.155276429846225 ], [ -8.633807652364913, 42.155182012263992 ] ] ] } },
{ "type": "Feature", "properties": { "id": null, "LONG": 30.063208473776008 }, "geometry": { "type": "MultiLineString", "coordinates": [ [ [ -8.634379396417312, 42.155397854872867 ], [ -8.634054311551758, 42.155276429846225 ] ] ] } },
{ "type": "Feature", "properties": { "id": null, "LONG": 12.959666968820303 }, "geometry": { "type": "MultiLineString", "coordinates": [ [ [ -8.632951186029825, 42.154861628581699 ], [ -8.632809896955198, 42.154811028822863 ] ] ] } },
{ "type": "Feature", "properties": { "id": null, "LONG": 16.199887542491258 }, "geometry": { "type": "MultiLineString", "coordinates": [ [ [ -8.632809896955198, 42.154811028822863 ], [ -8.632637292976719, 42.154741919534267 ] ] ] } },
{ "type": "Feature", "properties": { "id": null, "LONG": 60.319798257336522 }, "geometry": { "type": "MultiLineString", "coordinates": [ [ [ -8.632763041696444, 42.155141891258225 ], [ -8.632419817956098, 42.154662642107134 ] ] ] } },
{ "type": "Feature", "properties": { "id": null, "LONG": 25.177724183388055 }, "geometry": { "type": "MultiLineString", "coordinates": [ [ [ -8.633045705716132, 42.155226411125589 ], [ -8.632763041696444, 42.155141891258225 ] ] ] } },
{ "type": "Feature", "properties": { "id": null, "LONG": 23.286322904581102 }, "geometry": { "type": "MultiLineString", "coordinates": [ [ [ -8.633290006310375, 42.155330846934113 ], [ -8.633045705716132, 42.155226411125589 ] ] ] } },
{ "type": "Feature", "properties": { "id": null, "LONG": 31.395851950012069 }, "geometry": { "type": "MultiLineString", "coordinates": [ [ [ -8.63472023492675, 42.155522652496771 ], [ -8.634379396417312, 42.155397854872867 ] ] ] } },
{ "type": "Feature", "properties": { "id": null, "LONG": 52.408009734703398 }, "geometry": { "type": "MultiLineString", "coordinates": [ [ [ -8.632419817956098, 42.154662642107134 ], [ -8.63185253650764, 42.15445182960849 ] ] ] } },
{ "type": "Feature", "properties": { "id": null, "LONG": 20.015418972295542 }, "geometry": { "type": "MultiLineString", "coordinates": [ [ [ -8.632637292976719, 42.154741919534267 ], [ -8.632419817956098, 42.154662642107134 ] ] ] } },
{ "type": "Feature", "properties": { "id": null, "LONG": 8.8224066002074224 }, "geometry": { "type": "MultiLineString", "coordinates": [ [ [ -8.634812127776467, 42.155563068555594 ], [ -8.63472023492675, 42.155522652496771 ] ] ] } },
{ "type": "Feature", "properties": { "id": null, "LONG": 23.920528574993792 }, "geometry": { "type": "MultiLineString", "coordinates": [ [ [ -8.633975755116087, 42.156036905171959 ], [ -8.633715657578309, 42.155942444529913 ] ] ] } },
{ "type": "Feature", "properties": { "id": null, "LONG": 22.271049982961841 }, "geometry": { "type": "MultiLineString", "coordinates": [ [ [ -8.634220212276247, 42.15612126421491 ], [ -8.633975755116087, 42.156036905171959 ] ] ] } },
{ "type": "Feature", "properties": { "id": null, "LONG": 22.921605076358762 }, "geometry": { "type": "MultiLineString", "coordinates": [ [ [ -8.633715657578309, 42.155942444529913 ], [ -8.633469044684981, 42.155848035383364 ] ] ] } },
{ "type": "Feature", "properties": { "id": null, "LONG": 41.632181003439896 }, "geometry": { "type": "MultiLineString", "coordinates": [ [ [ -8.633469044684981, 42.155848035383364 ], [ -8.63333627793364, 42.155486481383292 ] ] ] } },
{ "type": "Feature", "properties": { "id": null, "LONG": 17.705252296895335 }, "geometry": { "type": "MultiLineString", "coordinates": [ [ [ -8.63333627793364, 42.155486481383292 ], [ -8.633290006310375, 42.155330846934113 ] ] ] } },
{ "type": "Feature", "properties": { "id": null, "LONG": 38.535624975445678 }, "geometry": { "type": "MultiLineString", "coordinates": [ [ [ -8.631329741338099, 42.150634874100788 ], [ -8.630915010988778, 42.150476387838097 ] ] ] } },
{ "type": "Feature", "properties": { "id": null, "LONG": 61.958015820105999 }, "geometry": { "type": "MultiLineString", "coordinates": [ [ [ -8.631997842136849, 42.150887811469616 ], [ -8.631329741338099, 42.150634874100788 ] ] ] } },
{ "type": "Feature", "properties": { "id": null, "LONG": 47.018511669451897 }, "geometry": { "type": "MultiLineString", "coordinates": [ [ [ -8.632511300951377, 42.151070017739137 ], [ -8.631997842136849, 42.150887811469616 ] ] ] } },
{ "type": "Feature", "properties": { "id": null, "LONG": 32.563190330405632 }, "geometry": { "type": "MultiLineString", "coordinates": [ [ [ -8.632858740406011, 42.151208225636928 ], [ -8.632511300951377, 42.151070017739137 ] ] ] } },
{ "type": "Feature", "properties": { "id": null, "LONG": 35.380725782443271 }, "geometry": { "type": "MultiLineString", "coordinates": [ [ [ -8.630915010988778, 42.150476387838097 ], [ -8.630531629100629, 42.150334716926963 ] ] ] } },
{ "type": "Feature", "properties": { "id": null, "LONG": 11.933623881837287 }, "geometry": { "type": "MultiLineString", "coordinates": [ [ [ -8.630531629100629, 42.150334716926963 ], [ -8.630425094670846, 42.150262205434501 ] ] ] } },
{ "type": "Feature", "properties": { "id": null, "LONG": 41.231892091259787 }, "geometry": { "type": "MultiLineString", "coordinates": [ [ [ -8.618237192228335, 42.139874202918378 ], [ -8.618556175077401, 42.139588841408354 ] ] ] } },
{ "type": "Feature", "properties": { "id": null, "LONG": 45.765441672059275 }, "geometry": { "type": "MultiLineString", "coordinates": [ [ [ -8.617944527069358, 42.14022393903403 ], [ -8.618237192228335, 42.139874202918378 ] ] ] } },
{ "type": "Feature", "properties": { "id": null, "LONG": 37.877608010976004 }, "geometry": { "type": "MultiLineString", "coordinates": [ [ [ -8.617725941688127, 42.140523638339808 ], [ -8.617944527069358, 42.14022393903403 ] ] ] } },
{ "type": "Feature", "properties": { "id": null, "LONG": 35.517812790847152 }, "geometry": { "type": "MultiLineString", "coordinates": [ [ [ -8.617477793267234, 42.140784673141781 ], [ -8.617725941688127, 42.140523638339808 ] ] ] } },
{ "type": "Feature", "properties": { "id": null, "LONG": 38.484073612378374 }, "geometry": { "type": "MultiLineString", "coordinates": [ [ [ -8.617230970491564, 42.141078432158587 ], [ -8.617477793267234, 42.140784673141781 ] ] ] } },
{ "type": "Feature", "properties": { "id": null, "LONG": 29.529811602515924 }, "geometry": { "type": "MultiLineString", "coordinates": [ [ [ -8.617033301948206, 42.141299870997443 ], [ -8.617230970491564, 42.141078432158587 ] ] ] } },
{ "type": "Feature", "properties": { "id": null, "LONG": 15.211941399717574 }, "geometry": { "type": "MultiLineString", "coordinates": [ [ [ -8.616914886101897, 42.141404697751682 ], [ -8.617033301948206, 42.141299870997443 ] ] ] } },
{ "type": "Feature", "properties": { "id": null, "LONG": 57.276818546644506 }, "geometry": { "type": "MultiLineString", "coordinates": [ [ [ -8.616321093720389, 42.141670411613617 ], [ -8.616914886101897, 42.141404697751682 ] ] ] } },
{ "type": "Feature", "properties": { "id": null, "LONG": 19.371840259142584 }, "geometry": { "type": "MultiLineString", "coordinates": [ [ [ -8.61609463231353, 42.141715244627669 ], [ -8.616321093720389, 42.141670411613617 ] ] ] } },
{ "type": "Feature", "properties": { "id": null, "LONG": 36.155027373148393 }, "geometry": { "type": "MultiLineString", "coordinates": [ [ [ -8.615985930686195, 42.14203052899893 ], [ -8.61609463231353, 42.141715244627669 ] ] ] } },
{ "type": "Feature", "properties": { "id": null, "LONG": 67.07708294641759 }, "geometry": { "type": "MultiLineString", "coordinates": [ [ [ -8.618556175077401, 42.139588841408354 ], [ -8.619128584143736, 42.139160844608355 ] ] ] } },
{ "type": "Feature", "properties": { "id": null, "LONG": 112.92010161820717 }, "geometry": { "type": "MultiLineString", "coordinates": [ [ [ -8.619128584143736, 42.139160844608355 ], [ -8.620122609712585, 42.138463605395302 ] ] ] } },
{ "type": "Feature", "properties": { "id": null, "LONG": 44.108148907273538 }, "geometry": { "type": "MultiLineString", "coordinates": [ [ [ -8.620122609712585, 42.138463605395302 ], [ -8.620516871397719, 42.13819605910593 ] ] ] } },
{ "type": "Feature", "properties": { "id": null, "LONG": 66.14068118550297 }, "geometry": { "type": "MultiLineString", "coordinates": [ [ [ -8.620285072911795, 42.137599393063525 ], [ -8.620585375606268, 42.138151307542323 ] ] ] } },
{ "type": "Feature", "properties": { "id": null, "LONG": 41.961774959922678 }, "geometry": { "type": "MultiLineString", "coordinates": [ [ [ -8.618818674040893, 42.138113866319827 ], [ -8.618925047703275, 42.137744480150104 ] ] ] } },
{ "type": "Feature", "properties": { "id": null, "LONG": 67.896599738932295 }, "geometry": { "type": "MultiLineString", "coordinates": [ [ [ -8.617316012118346, 42.139077965158329 ], [ -8.617824674759822, 42.138598050791494 ] ] ] } },
{ "type": "Feature", "properties": { "id": null, "LONG": 134.40596188713042 }, "geometry": { "type": "MultiLineString", "coordinates": [ [ [ -8.615997099723705, 42.139785507738367 ], [ -8.617316012118346, 42.139077965158329 ] ] ] } },
{ "type": "Feature", "properties": { "id": null, "LONG": 86.303007756037275 }, "geometry": { "type": "MultiLineString", "coordinates": [ [ [ -8.615114994086564, 42.140201053762141 ], [ -8.615997099723705, 42.139785507738367 ] ] ] } },
{ "type": "Feature", "properties": { "id": null, "LONG": 90.361676288984086 }, "geometry": { "type": "MultiLineString", "coordinates": [ [ [ -8.615707757652977, 42.140884556877459 ], [ -8.615114994086564, 42.140201053762141 ] ] ] } },
{ "type": "Feature", "properties": { "id": null, "LONG": 24.144423452976184 }, "geometry": { "type": "MultiLineString", "coordinates": [ [ [ -8.615454197190049, 42.140992432909009 ], [ -8.615707757652977, 42.140884556877459 ] ] ] } },
{ "type": "Feature", "properties": { "id": null, "LONG": 30.255240883111561 }, "geometry": { "type": "MultiLineString", "coordinates": [ [ [ -8.615447829710909, 42.141264774861867 ], [ -8.615454197190049, 42.140992432909009 ] ] ] } },
{ "type": "Feature", "properties": { "id": null, "LONG": 62.490232770209573 }, "geometry": { "type": "MultiLineString", "coordinates": [ [ [ -8.614792719919407, 42.141545478133857 ], [ -8.615447829710909, 42.141264774861867 ] ] ] } },
{ "type": "Feature", "properties": { "id": null, "LONG": 45.175336616153317 }, "geometry": { "type": "MultiLineString", "coordinates": [ [ [ -8.614270500422272, 42.141665301418811 ], [ -8.614792719919407, 42.141545478133857 ] ] ] } },
{ "type": "Feature", "properties": { "id": null, "LONG": 98.209715780758032 }, "geometry": { "type": "MultiLineString", "coordinates": [ [ [ -8.617824674759822, 42.138598050791494 ], [ -8.618818674040893, 42.138113866319827 ] ] ] } },
{ "type": "Feature", "properties": { "id": null, "LONG": 62.894751385962664 }, "geometry": { "type": "MultiLineString", "coordinates": [ [ [ -8.613510135720832, 42.141684952511397 ], [ -8.614270500422272, 42.141665301418811 ] ] ] } },
{ "type": "Feature", "properties": { "id": null, "LONG": 19.441363599650913 }, "geometry": { "type": "MultiLineString", "coordinates": [ [ [ -8.613308039422407, 42.141595441219351 ], [ -8.613510135720832, 42.141684952511397 ] ] ] } },
{ "type": "Feature", "properties": { "id": null, "LONG": 64.13010525031612 }, "geometry": { "type": "MultiLineString", "coordinates": [ [ [ -8.62075718793016, 42.117591925391686 ], [ -8.621035526024079, 42.118130809647184 ] ] ] } },
{ "type": "Feature", "properties": { "id": null, "LONG": 65.633202840520084 }, "geometry": { "type": "MultiLineString", "coordinates": [ [ [ -8.620454570189148, 42.117045678532833 ], [ -8.62075718793016, 42.117591925391686 ] ] ] } },
{ "type": "Feature", "properties": { "id": null, "LONG": 32.353862151330702 }, "geometry": { "type": "MultiLineString", "coordinates": [ [ [ -8.620326170139835, 42.116770534987396 ], [ -8.620454570189148, 42.117045678532833 ] ] ] } },
{ "type": "Feature", "properties": { "id": null, "LONG": 27.967300348222498 }, "geometry": { "type": "MultiLineString", "coordinates": [ [ [ -8.620342974253857, 42.11651905972932 ], [ -8.620326170139835, 42.116770534987396 ] ] ] } },
{ "type": "Feature", "properties": { "id": null, "LONG": 13.478205011064128 }, "geometry": { "type": "MultiLineString", "coordinates": [ [ [ -8.6203377116298, 42.116397780320234 ], [ -8.620342974253857, 42.11651905972932 ] ] ] } },
{ "type": "Feature", "properties": { "id": null, "LONG": 19.662127020308201 }, "geometry": { "type": "MultiLineString", "coordinates": [ [ [ -8.620280708381239, 42.116225927587543 ], [ -8.6203377116298, 42.116397780320234 ] ] ] } },
{ "type": "Feature", "properties": { "id": null, "LONG": 52.160815707670523 }, "geometry": { "type": "MultiLineString", "coordinates": [ [ [ -8.620390330112286, 42.115545902045575 ], [ -8.620252326274676, 42.116004120897131 ] ] ] } },
{ "type": "Feature", "properties": { "id": null, "LONG": 48.99471667522247 }, "geometry": { "type": "MultiLineString", "coordinates": [ [ [ -8.620471463383627, 42.115108964290251 ], [ -8.620390330112286, 42.115545902045575 ] ] ] } },
{ "type": "Feature", "properties": { "id": null, "LONG": 46.844339043745819 }, "geometry": { "type": "MultiLineString", "coordinates": [ [ [ -8.620552261083525, 42.114658357643776 ], [ -8.620477553558501, 42.115076407529692 ] ] ] } },
{ "type": "Feature", "properties": { "id": null, "LONG": 38.333242157945307 }, "geometry": { "type": "MultiLineString", "coordinates": [ [ [ -8.620608154067098, 42.114315766200221 ], [ -8.620552261083525, 42.114658357643776 ] ] ] } },
{ "type": "Feature", "properties": { "id": null, "LONG": 24.748854123360999 }, "geometry": { "type": "MultiLineString", "coordinates": [ [ [ -8.620252326274676, 42.116004120897131 ], [ -8.620280708381239, 42.116225927587543 ] ] ] } },
{ "type": "Feature", "properties": { "id": null, "LONG": 18.589409614645884 }, "geometry": { "type": "MultiLineString", "coordinates": [ [ [ -8.621674886654692, 42.125696828135624 ], [ -8.621686866408046, 42.125529707924706 ] ] ] } },
{ "type": "Feature", "properties": { "id": null, "LONG": 17.566702981422154 }, "geometry": { "type": "MultiLineString", "coordinates": [ [ [ -8.621432871188627, 42.122030043471987 ], [ -8.621419680556397, 42.121872197844809 ] ] ] } },
{ "type": "Feature", "properties": { "id": null, "LONG": 21.961347490903034 }, "geometry": { "type": "MultiLineString", "coordinates": [ [ [ -8.621442692011819, 42.122227623462635 ], [ -8.621432871188627, 42.122030043471987 ] ] ] } },
{ "type": "Feature", "properties": { "id": null, "LONG": 39.682122132055937 }, "geometry": { "type": "MultiLineString", "coordinates": [ [ [ -8.621470402481071, 42.122584280426992 ], [ -8.621442692011819, 42.122227623462635 ] ] ] } },
{ "type": "Feature", "properties": { "id": null, "LONG": 8.58404032723368 }, "geometry": { "type": "MultiLineString", "coordinates": [ [ [ -8.621476222047932, 42.122661439907795 ], [ -8.621470402481071, 42.122584280426992 ] ] ] } },
{ "type": "Feature", "properties": { "id": null, "LONG": 44.500042935465231 }, "geometry": { "type": "MultiLineString", "coordinates": [ [ [ -8.621508393665872, 42.123061351537807 ], [ -8.621476222047932, 42.122661439907795 ] ] ] } },
{ "type": "Feature", "properties": { "id": null, "LONG": 6.367782671746272 }, "geometry": { "type": "MultiLineString", "coordinates": [ [ [ -8.621511198179242, 42.123118641834672 ], [ -8.621508393665872, 42.123061351537807 ] ] ] } },
{ "type": "Feature", "properties": { "id": null, "LONG": 41.753054103794824 }, "geometry": { "type": "MultiLineString", "coordinates": [ [ [ -8.62153878612091, 42.123493977707447 ], [ -8.621511198179242, 42.123118641834672 ] ] ] } },
{ "type": "Feature", "properties": { "id": null, "LONG": 7.2832788971101898 }, "geometry": { "type": "MultiLineString", "coordinates": [ [ [ -8.6215431146285, 42.123559468898108 ], [ -8.62153878612091, 42.123493977707447 ] ] ] } },
{ "type": "Feature", "properties": { "id": null, "LONG": 8.5603154728304105 }, "geometry": { "type": "MultiLineString", "coordinates": [ [ [ -8.621599035460616, 42.124193257263357 ], [ -8.621582211676786, 42.124117214344494 ] ] ] } },
{ "type": "Feature", "properties": { "id": null, "LONG": 41.842228296357575 }, "geometry": { "type": "MultiLineString", "coordinates": [ [ [ -8.62161719307279, 42.124569714774026 ], [ -8.621599035460616, 42.124193257263357 ] ] ] } },
{ "type": "Feature", "properties": { "id": null, "LONG": 6.2378430638198576 }, "geometry": { "type": "MultiLineString", "coordinates": [ [ [ -8.621620004707546, 42.12462583423811 ], [ -8.62161719307279, 42.124569714774026 ] ] ] } },
{ "type": "Feature", "properties": { "id": null, "LONG": 44.217998720341072 }, "geometry": { "type": "MultiLineString", "coordinates": [ [ [ -8.621647473725551, 42.125023397515591 ], [ -8.621620004707546, 42.12462583423811 ] ] ] } },
{ "type": "Feature", "properties": { "id": null, "LONG": 6.3743582408776938 }, "geometry": { "type": "MultiLineString", "coordinates": [ [ [ -8.621651839103439, 42.125080692936351 ], [ -8.621647473725551, 42.125023397515591 ] ] ] } },
{ "type": "Feature", "properties": { "id": null, "LONG": 43.731068553847059 }, "geometry": { "type": "MultiLineString", "coordinates": [ [ [ -8.621685627453601, 42.125473593656203 ], [ -8.621651839103439, 42.125080692936351 ] ] ] } },
{ "type": "Feature", "properties": { "id": null, "LONG": 6.2337747061768116 }, "geometry": { "type": "MultiLineString", "coordinates": [ [ [ -8.621686866408046, 42.125529707924706 ], [ -8.621685627453601, 42.125473593656203 ] ] ] } },
{ "type": "Feature", "properties": { "id": null, "LONG": 62.036256797016641 }, "geometry": { "type": "MultiLineString", "coordinates": [ [ [ -8.621582211676786, 42.124117214344494 ], [ -8.6215431146285, 42.123559468898108 ] ] ] } },
{ "type": "Feature", "properties": { "id": null, "LONG": 51.426966572675909 }, "geometry": { "type": "MultiLineString", "coordinates": [ [ [ -8.621190106954353, 42.118751359916892 ], [ -8.621077448703007, 42.118296029952468 ] ] ] } },
{ "type": "Feature", "properties": { "id": null, "LONG": 49.84497671560041 }, "geometry": { "type": "MultiLineString", "coordinates": [ [ [ -8.621228304295414, 42.119199206153993 ], [ -8.621190106954353, 42.118751359916892 ] ] ] } },
{ "type": "Feature", "properties": { "id": null, "LONG": 44.636209166130683 }, "geometry": { "type": "MultiLineString", "coordinates": [ [ [ -8.621262014330627, 42.119600275996717 ], [ -8.621228304295414, 42.119199206153993 ] ] ] } },
{ "type": "Feature", "properties": { "id": null, "LONG": 3.2695012315992948 }, "geometry": { "type": "MultiLineString", "coordinates": [ [ [ -8.621289080632213, 42.12006680082856 ], [ -8.621284548837414, 42.120037559913683 ] ] ] } },
{ "type": "Feature", "properties": { "id": null, "LONG": 49.42479174728232 }, "geometry": { "type": "MultiLineString", "coordinates": [ [ [ -8.621320985401567, 42.120511131659299 ], [ -8.621289080632213, 42.12006680082856 ] ] ] } },
{ "type": "Feature", "properties": { "id": null, "LONG": 44.111701478841709 }, "geometry": { "type": "MultiLineString", "coordinates": [ [ [ -8.621353175912674, 42.120907540031538 ], [ -8.621320985401567, 42.120511131659299 ] ] ] } },
{ "type": "Feature", "properties": { "id": null, "LONG": 50.034597149287436 }, "geometry": { "type": "MultiLineString", "coordinates": [ [ [ -8.621375634876241, 42.121357684802469 ], [ -8.621353175912674, 42.120907540031538 ] ] ] } },
{ "type": "Feature", "properties": { "id": null, "LONG": 57.265814630432089 }, "geometry": { "type": "MultiLineString", "coordinates": [ [ [ -8.621419680556397, 42.121872197844809 ], [ -8.621375634876241, 42.121357684802469 ] ] ] } },
{ "type": "Feature", "properties": { "id": null, "LONG": 48.607312383576883 }, "geometry": { "type": "MultiLineString", "coordinates": [ [ [ -8.621284548837414, 42.120037559913683 ], [ -8.621262014330627, 42.119600275996717 ] ] ] } },
{ "type": "Feature", "properties": { "id": null, "LONG": 52.173498756549947 }, "geometry": { "type": "MultiLineString", "coordinates": [ [ [ -8.619660845221318, 42.137668474870921 ], [ -8.620285072911795, 42.137599393063525 ] ] ] } },
{ "type": "Feature", "properties": { "id": null, "LONG": 61.412822060008743 }, "geometry": { "type": "MultiLineString", "coordinates": [ [ [ -8.618925047703275, 42.137744480150104 ], [ -8.619660845221318, 42.137668474870921 ] ] ] } },
{ "type": "Feature", "properties": { "id": null, "LONG": 11.620677888649862 }, "geometry": { "type": "MultiLineString", "coordinates": [ [ [ -8.631817271890059, 42.15441751702452 ], [ -8.631731862372686, 42.154334413096542 ] ] ] } },
{ "type": "Feature", "properties": { "id": null, "LONG": 56.92380693007054 }, "geometry": { "type": "MultiLineString", "coordinates": [ [ [ -8.631731862372686, 42.154334413096542 ], [ -8.631729531819692, 42.153821941100929 ] ] ] } },
{ "type": "Feature", "properties": { "id": null, "LONG": 14.762236384059758 }, "geometry": { "type": "MultiLineString", "coordinates": [ [ [ -8.62672137237295, 42.152135590351435 ], [ -8.626548887370278, 42.152170081994711 ] ] ] } },
{ "type": "Feature", "properties": { "id": null, "LONG": 62.704374054780168 }, "geometry": { "type": "MultiLineString", "coordinates": [ [ [ -8.627457349913941, 42.152272556209965 ], [ -8.62672137237295, 42.152135590351435 ] ] ] } },
{ "type": "Feature", "properties": { "id": null, "LONG": 55.533986610343703 }, "geometry": { "type": "MultiLineString", "coordinates": [ [ [ -8.628124102575896, 42.152334287623916 ], [ -8.627457349913941, 42.152272556209965 ] ] ] } },
{ "type": "Feature", "properties": { "id": null, "LONG": 180.11958034693623 }, "geometry": { "type": "MultiLineString", "coordinates": [ [ [ -8.628047484971326, 42.150734518887234 ], [ -8.628260624421376, 42.151551523686379 ], [ -8.628124102575896, 42.152334287623916 ] ] ] } },
{ "type": "Feature", "properties": { "id": null, "LONG": 76.169603034228274 }, "geometry": { "type": "MultiLineString", "coordinates": [ [ [ -8.628852779331666, 42.151067914179158 ], [ -8.628047484971326, 42.150734518887234 ] ] ] } },
{ "type": "Feature", "properties": { "id": null, "LONG": 108.02582039032505 }, "geometry": { "type": "MultiLineString", "coordinates": [ [ [ -8.629809357414249, 42.150405232645241 ], [ -8.628852779331666, 42.151067914179158 ] ] ] } },
{ "type": "Feature", "properties": { "id": null, "LONG": 41.178884754674471 }, "geometry": { "type": "MultiLineString", "coordinates": [ [ [ -8.630240591690828, 42.150507864290049 ], [ -8.629803567297719, 42.150383202292751 ], [ -8.629809357414249, 42.150405232645241 ] ] ] } },
{ "type": "Feature", "properties": { "id": null, "LONG": 31.259238203259638 }, "geometry": { "type": "MultiLineString", "coordinates": [ [ [ -8.630425094670846, 42.150262205434501 ], [ -8.630240591690828, 42.150507864290049 ] ] ] } },
{ "type": "Feature", "properties": { "id": null, "LONG": 26.826590519743483 }, "geometry": { "type": "MultiLineString", "coordinates": [ [ [ -8.623901121478722, 42.144353403063725 ], [ -8.624106986999561, 42.144540105309886 ] ] ] } },
{ "type": "Feature", "properties": { "id": null, "LONG": 22.185287627961046 }, "geometry": { "type": "MultiLineString", "coordinates": [ [ [ -8.622517904541141, 42.14415928447864 ], [ -8.622756839968712, 42.144250242610212 ] ] ] } },
{ "type": "Feature", "properties": { "id": null, "LONG": 30.762020702599106 }, "geometry": { "type": "MultiLineString", "coordinates": [ [ [ -8.622756839968712, 42.144250242610212 ], [ -8.623107185644914, 42.144343619727934 ] ] ] } },
{ "type": "Feature", "properties": { "id": null, "LONG": 65.638314446470773 }, "geometry": { "type": "MultiLineString", "coordinates": [ [ [ -8.623107185644914, 42.144343619727934 ], [ -8.623901121478722, 42.144353403063725 ] ] ] } },
{ "type": "Feature", "properties": { "id": null, "LONG": 42.550736961954897 }, "geometry": { "type": "MultiLineString", "coordinates": [ [ [ -8.609926969399369, 42.146086990254155 ], [ -8.610227359563835, 42.145775902747502 ] ] ] } },
{ "type": "Feature", "properties": { "id": null, "LONG": 75.7332948933865 }, "geometry": { "type": "MultiLineString", "coordinates": [ [ [ -8.609123831580238, 42.146415089655896 ], [ -8.609926969399369, 42.146086990254155 ] ] ] } },
{ "type": "Feature", "properties": { "id": null, "LONG": 70.61415634291771 }, "geometry": { "type": "MultiLineString", "coordinates": [ [ [ -8.608424094098613, 42.146779769156538 ], [ -8.609123831580238, 42.146415089655896 ] ] ] } },
{ "type": "Feature", "properties": { "id": null, "LONG": 39.058557452496579 }, "geometry": { "type": "MultiLineString", "coordinates": [ [ [ -8.608044056994505, 42.146988732080423 ], [ -8.608424094098613, 42.146779769156538 ] ] ] } },
{ "type": "Feature", "properties": { "id": null, "LONG": 88.275346010128089 }, "geometry": { "type": "MultiLineString", "coordinates": [ [ [ -8.60700855033012, 42.146810000350278 ], [ -8.607523129087214, 42.146938000400588 ], [ -8.608044056994505, 42.146988732080423 ] ] ] } },
{ "type": "Feature", "properties": { "id": null, "LONG": 33.995177982756701 }, "geometry": { "type": "MultiLineString", "coordinates": [ [ [ -8.606682962986016, 42.14662301929765 ], [ -8.60700855033012, 42.146810000350278 ] ] ] } },
{ "type": "Feature", "properties": { "id": null, "LONG": 44.647048572674457 }, "geometry": { "type": "MultiLineString", "coordinates": [ [ [ -8.6061443320389, 42.146593125610572 ], [ -8.606682962986016, 42.14662301929765 ] ] ] } },
{ "type": "Feature", "properties": { "id": null, "LONG": 69.875702818787445 }, "geometry": { "type": "MultiLineString", "coordinates": [ [ [ -8.605357475171777, 42.146823039532521 ], [ -8.6061443320389, 42.146593125610572 ] ] ] } },
{ "type": "Feature", "properties": { "id": null, "LONG": 46.961346241564101 }, "geometry": { "type": "MultiLineString", "coordinates": [ [ [ -8.604796986364073, 42.146753949236285 ], [ -8.605357475171777, 42.146823039532521 ] ] ] } },
{ "type": "Feature", "properties": { "id": null, "LONG": 49.13692469845023 }, "geometry": { "type": "MultiLineString", "coordinates": [ [ [ -8.604213832099537, 42.146830790495528 ], [ -8.604496985768709, 42.146812857762598 ], [ -8.604796986364073, 42.146753949236285 ] ] ] } },
{ "type": "Feature", "properties": { "id": null, "LONG": 138.60115677124224 }, "geometry": { "type": "MultiLineString", "coordinates": [ [ [ -8.610227359563835, 42.145775902747502 ], [ -8.609831057511343, 42.144563453750585 ] ] ] } },
{ "type": "Feature", "properties": { "id": null, "LONG": 39.413057007844571 }, "geometry": { "type": "MultiLineString", "coordinates": [ [ [ -8.609831057511343, 42.144563453750585 ], [ -8.610221883756253, 42.144360210315519 ] ] ] } },
{ "type": "Feature", "properties": { "id": null, "LONG": 23.803882070699618 }, "geometry": { "type": "MultiLineString", "coordinates": [ [ [ -8.610221883756253, 42.144360210315519 ], [ -8.610381623290941, 42.144181903389807 ] ] ] } },
{ "type": "Feature", "properties": { "id": null, "LONG": 76.122050729146991 }, "geometry": { "type": "MultiLineString", "coordinates": [ [ [ -8.610381623290941, 42.144181903389807 ], [ -8.610724824271244, 42.143545963160221 ] ] ] } },
{ "type": "Feature", "properties": { "id": null, "LONG": 13.544096892017246 }, "geometry": { "type": "MultiLineString", "coordinates": [ [ [ -8.61317021669689, 42.141529508946292 ], [ -8.613308039422407, 42.141595441219351 ] ] ] } },
{ "type": "Feature", "properties": { "id": null, "LONG": 62.769660577644586 }, "geometry": { "type": "MultiLineString", "coordinates": [ [ [ -8.612557164591003, 42.141862938730902 ], [ -8.61317021669689, 42.141529508946292 ] ] ] } },
{ "type": "Feature", "properties": { "id": null, "LONG": 30.586465249071388 }, "geometry": { "type": "MultiLineString", "coordinates": [ [ [ -8.611786660984171, 42.142260129438192 ], [ -8.612090823480047, 42.14210333642999 ] ] ] } },
{ "type": "Feature", "properties": { "id": null, "LONG": 27.820595355176437 }, "geometry": { "type": "MultiLineString", "coordinates": [ [ [ -8.61148749569716, 42.142374849351853 ], [ -8.611786660984171, 42.142260129438192 ] ] ] } },
{ "type": "Feature", "properties": { "id": null, "LONG": 35.295688101928413 }, "geometry": { "type": "MultiLineString", "coordinates": [ [ [ -8.611738827842789, 42.142631725681348 ], [ -8.61148749569716, 42.142374849351853 ] ] ] } },
{ "type": "Feature", "properties": { "id": null, "LONG": 78.940719142316297 }, "geometry": { "type": "MultiLineString", "coordinates": [ [ [ -8.611008768374829, 42.143089850303753 ], [ -8.611738827842789, 42.142631725681348 ] ] ] } },
{ "type": "Feature", "properties": { "id": null, "LONG": 55.836392204113416 }, "geometry": { "type": "MultiLineString", "coordinates": [ [ [ -8.610724824271244, 42.143545963160221 ], [ -8.611008768374829, 42.143089850303753 ] ] ] } },
{ "type": "Feature", "properties": { "id": null, "LONG": 75.857654491648958 }, "geometry": { "type": "MultiLineString", "coordinates": [ [ [ -8.604061695834906, 42.148236253856076 ], [ -8.604448502563759, 42.147616945549316 ] ] ] } },
{ "type": "Feature", "properties": { "id": null, "LONG": 62.554722368834319 }, "geometry": { "type": "MultiLineString", "coordinates": [ [ [ -8.604448502563759, 42.147616945549316 ], [ -8.604461184232223, 42.147053854901387 ] ] ] } },
{ "type": "Feature", "properties": { "id": null, "LONG": 32.123966027823883 }, "geometry": { "type": "MultiLineString", "coordinates": [ [ [ -8.604461184232223, 42.147053854901387 ], [ -8.604213832099537, 42.146830790495528 ] ] ] } },
{ "type": "Feature", "properties": { "id": null, "LONG": 69.306006838702544 }, "geometry": { "type": "MultiLineString", "coordinates": [ [ [ -8.608380512735584, 42.14756024234395 ], [ -8.608044056994505, 42.146988732080423 ] ] ] } },
{ "type": "Feature", "properties": { "id": null, "LONG": 46.895378944972357 }, "geometry": { "type": "MultiLineString", "coordinates": [ [ [ -8.612090823480047, 42.14210333642999 ], [ -8.612557164591003, 42.141862938730902 ] ] ] } },
{ "type": "Feature", "properties": { "id": null, "LONG": 46.974986340457981 }, "geometry": { "type": "MultiLineString", "coordinates": [ [ [ -8.619854464204746, 42.153941038101024 ], [ -8.620326135462326, 42.154176991618833 ] ] ] } },
{ "type": "Feature", "properties": { "id": null, "LONG": 51.510288218819277 }, "geometry": { "type": "MultiLineString", "coordinates": [ [ [ -8.620326135462326, 42.154176991618833 ], [ -8.620727004668689, 42.154532071039469 ] ] ] } },
{ "type": "Feature", "properties": { "id": null, "LONG": 28.131538910161936 }, "geometry": { "type": "MultiLineString", "coordinates": [ [ [ -8.621901007559002, 42.155695763587865 ], [ -8.622217794162465, 42.155603122517576 ] ] ] } },
{ "type": "Feature", "properties": { "id": null, "LONG": 16.18414067406502 }, "geometry": { "type": "MultiLineString", "coordinates": [ [ [ -8.621711859865641, 42.155733471346174 ], [ -8.621901007559002, 42.155695763587865 ] ] ] } },
{ "type": "Feature", "properties": { "id": null, "LONG": 22.248050718480133 }, "geometry": { "type": "MultiLineString", "coordinates": [ [ [ -8.621442815708207, 42.155740041254546 ], [ -8.621711859865641, 42.155733471346174 ] ] ] } },
{ "type": "Feature", "properties": { "id": null, "LONG": 26.04289714376824 }, "geometry": { "type": "MultiLineString", "coordinates": [ [ [ -8.621127920841458, 42.155748593648703 ], [ -8.621442815708207, 42.155740041254546 ] ] ] } },
{ "type": "Feature", "properties": { "id": null, "LONG": 56.919068271775352 }, "geometry": { "type": "MultiLineString", "coordinates": [ [ [ -8.620739800095025, 42.156171900142922 ], [ -8.621127920841458, 42.155748593648703 ] ] ] } },
{ "type": "Feature", "properties": { "id": null, "LONG": 8.3754051999168304 }, "geometry": { "type": "MultiLineString", "coordinates": [ [ [ -8.620643321027652, 42.156148831008004 ], [ -8.620739800095025, 42.156171900142922 ] ] ] } },
{ "type": "Feature", "properties": { "id": null, "LONG": 14.924825543286268 }, "geometry": { "type": "MultiLineString", "coordinates": [ [ [ -8.620671418380903, 42.156296259633272 ], [ -8.620739800095025, 42.156171900142922 ] ] ] } },
{ "type": "Feature", "properties": { "id": null, "LONG": 29.452546293273542 }, "geometry": { "type": "MultiLineString", "coordinates": [ [ [ -8.620529153286343, 42.156400011263784 ], [ -8.620643321027652, 42.156148831008004 ] ] ] } },
{ "type": "Feature", "properties": { "id": null, "LONG": 12.209239015356619 }, "geometry": { "type": "MultiLineString", "coordinates": [ [ [ -8.620477010440132, 42.156502854010149 ], [ -8.620529153286343, 42.156400011263784 ] ] ] } },
{ "type": "Feature", "properties": { "id": null, "LONG": 20.073985023156819 }, "geometry": { "type": "MultiLineString", "coordinates": [ [ [ -8.620393891426914, 42.156672664914552 ], [ -8.620477010440132, 42.156502854010149 ] ] ] } },
{ "type": "Feature", "properties": { "id": null, "LONG": 8.4871911255500283 }, "geometry": { "type": "MultiLineString", "coordinates": [ [ [ -8.62049524092099, 42.15668497871237 ], [ -8.620393891426914, 42.156672664914552 ] ] ] } },
{ "type": "Feature", "properties": { "id": null, "LONG": 45.566511008550911 }, "geometry": { "type": "MultiLineString", "coordinates": [ [ [ -8.62049524092099, 42.15668497871237 ], [ -8.620671418380903, 42.156296259633272 ] ] ] } },
{ "type": "Feature", "properties": { "id": null, "LONG": 15.5929497277211 }, "geometry": { "type": "MultiLineString", "coordinates": [ [ [ -8.620436439365605, 42.156818367133646 ], [ -8.62049524092099, 42.15668497871237 ] ] ] } },
{ "type": "Feature", "properties": { "id": null, "LONG": 13.792657739206314 }, "geometry": { "type": "MultiLineString", "coordinates": [ [ [ -8.620384181653749, 42.156936295170937 ], [ -8.620436439365605, 42.156818367133646 ] ] ] } },
{ "type": "Feature", "properties": { "id": null, "LONG": 18.181085084799275 }, "geometry": { "type": "MultiLineString", "coordinates": [ [ [ -8.619302316765898, 42.156886183405867 ], [ -8.619500611396409, 42.156957055106098 ] ] ] } },
{ "type": "Feature", "properties": { "id": null, "LONG": 13.311481532645841 }, "geometry": { "type": "MultiLineString", "coordinates": [ [ [ -8.619459754202158, 42.157072976073714 ], [ -8.619500611396409, 42.156957055106098 ] ] ] } },
{ "type": "Feature", "properties": { "id": null, "LONG": 51.768462386155626 }, "geometry": { "type": "MultiLineString", "coordinates": [ [ [ -8.620191373708355, 42.157113695582915 ], [ -8.620393891426914, 42.156672664914552 ] ] ] } },
{ "type": "Feature", "properties": { "id": null, "LONG": 8.6811620388845245 }, "geometry": { "type": "MultiLineString", "coordinates": [ [ [ -8.620191373708355, 42.157113695582915 ], [ -8.620289495658653, 42.157141588956357 ] ] ] } },
{ "type": "Feature", "properties": { "id": null, "LONG": 24.108668686694482 }, "geometry": { "type": "MultiLineString", "coordinates": [ [ [ -8.620289495658653, 42.157141588956357 ], [ -8.620384181653749, 42.156936295170937 ] ] ] } },
{ "type": "Feature", "properties": { "id": null, "LONG": 137.83067649032671 }, "geometry": { "type": "MultiLineString", "coordinates": [ [ [ -8.619597275227976, 42.158309614463356 ], [ -8.619459754202158, 42.157072976073714 ] ] ] } },
{ "type": "Feature", "properties": { "id": null, "LONG": 49.172520177128497 }, "geometry": { "type": "MultiLineString", "coordinates": [ [ [ -8.619649372045268, 42.158750605334099 ], [ -8.619597275227976, 42.158309614463356 ] ] ] } },
{ "type": "Feature", "properties": { "id": null, "LONG": 28.587774955625637 }, "geometry": { "type": "MultiLineString", "coordinates": [ [ [ -8.61959150427268, 42.159004348854964 ], [ -8.619649372045268, 42.158750605334099 ] ] ] } },
{ "type": "Feature", "properties": { "id": null, "LONG": 60.305429881193206 }, "geometry": { "type": "MultiLineString", "coordinates": [ [ [ -8.619515797445061, 42.159544337518497 ], [ -8.61959150427268, 42.159004348854964 ] ] ] } },
{ "type": "Feature", "properties": { "id": null, "LONG": 23.925206175607723 }, "geometry": { "type": "MultiLineString", "coordinates": [ [ [ -8.619487168134606, 42.159758675858441 ], [ -8.619515797445061, 42.159544337518497 ] ] ] } },
{ "type": "Feature", "properties": { "id": null, "LONG": 22.638674436313149 }, "geometry": { "type": "MultiLineString", "coordinates": [ [ [ -8.619442482008836, 42.159959757548087 ], [ -8.619487168134606, 42.159758675858441 ] ] ] } },
{ "type": "Feature", "properties": { "id": null, "LONG": 63.977155884237597 }, "geometry": { "type": "MultiLineString", "coordinates": [ [ [ -8.615062981672995, 42.160276978896768 ], [ -8.61580256781434, 42.160447147997814 ] ] ] } },
{ "type": "Feature", "properties": { "id": null, "LONG": 60.000164583303977 }, "geometry": { "type": "MultiLineString", "coordinates": [ [ [ -8.61932177337261, 42.160492409609994 ], [ -8.619442482008836, 42.159959757548087 ] ] ] } },
{ "type": "Feature", "properties": { "id": null, "LONG": 87.159304763367999 }, "geometry": { "type": "MultiLineString", "coordinates": [ [ [ -8.61580256781434, 42.160447147997814 ], [ -8.616809015785098, 42.160681681007773 ] ] ] } },
{ "type": "Feature", "properties": { "id": null, "LONG": 69.089234207223072 }, "geometry": { "type": "MultiLineString", "coordinates": [ [ [ -8.616809015785098, 42.160681681007773 ], [ -8.617601574141728, 42.160879592996899 ] ] ] } },
{ "type": "Feature", "properties": { "id": null, "LONG": 49.994872259480019 }, "geometry": { "type": "MultiLineString", "coordinates": [ [ [ -8.619233786355354, 42.160937718008455 ], [ -8.61932177337261, 42.160492409609994 ] ] ] } },
{ "type": "Feature", "properties": { "id": null, "LONG": 28.497987304211492 }, "geometry": { "type": "MultiLineString", "coordinates": [ [ [ -8.617601574141728, 42.160879592996899 ], [ -8.617934452567898, 42.160946574773526 ] ] ] } },
{ "type": "Feature", "properties": { "id": null, "LONG": 9.9079096126701032 }, "geometry": { "type": "MultiLineString", "coordinates": [ [ [ -8.617934452567898, 42.160946574773526 ], [ -8.618050233190642, 42.160969728443455 ] ] ] } },
{ "type": "Feature", "properties": { "id": null, "LONG": 20.508826915435098 }, "geometry": { "type": "MultiLineString", "coordinates": [ [ [ -8.618050233190642, 42.160969728443455 ], [ -8.618293102865135, 42.161007670090825 ] ] ] } },
{ "type": "Feature", "properties": { "id": null, "LONG": 31.851045521947906 }, "geometry": { "type": "MultiLineString", "coordinates": [ [ [ -8.618293102865135, 42.161007670090825 ], [ -8.618648256147766, 42.161119044366487 ] ] ] } },
{ "type": "Feature", "properties": { "id": null, "LONG": 38.256156602405198 }, "geometry": { "type": "MultiLineString", "coordinates": [ [ [ -8.618870233072412, 42.161150926092432 ], [ -8.619233786355354, 42.160937718008455 ] ] ] } },
{ "type": "Feature", "properties": { "id": null, "LONG": 50.27928522267883 }, "geometry": { "type": "MultiLineString", "coordinates": [ [ [ -8.618293102865135, 42.161007670090825 ], [ -8.618870233072412, 42.161150926092432 ] ] ] } },
{ "type": "Feature", "properties": { "id": null, "LONG": 18.683175574082998 }, "geometry": { "type": "MultiLineString", "coordinates": [ [ [ -8.618648256147766, 42.161119044366487 ], [ -8.618870233072412, 42.161150926092432 ] ] ] } },
{ "type": "Feature", "properties": { "id": null, "LONG": 14.55022537760018 }, "geometry": { "type": "MultiLineString", "coordinates": [ [ [ -8.620727004668689, 42.154532071039469 ], [ -8.620898783399305, 42.154560738744159 ] ] ] } },
{ "type": "Feature", "properties": { "id": null, "LONG": 301.56709764388722 }, "geometry": { "type": "MultiLineString", "coordinates": [ [ [ -8.616227861503916, 42.188856903367167 ], [ -8.615962765688005, 42.188612043210441 ], [ -8.614943270951837, 42.18810838591159 ], [ -8.614608092103104, 42.187957493223323 ], [ -8.61391498323697, 42.187817538794931 ], [ -8.613299982395093, 42.187811419621383 ], [ -8.613047888817148, 42.187900212240386 ] ] ] } },
{ "type": "Feature", "properties": { "id": null, "LONG": 24.285829044007045 }, "geometry": { "type": "MultiLineString", "coordinates": [ [ [ -8.618731495582635, 42.1857970843255 ], [ -8.618476603431553, 42.185906024387201 ] ] ] } },
{ "type": "Feature", "properties": { "id": null, "LONG": 29.135299111306956 }, "geometry": { "type": "MultiLineString", "coordinates": [ [ [ -8.619084179894312, 42.185798255914172 ], [ -8.618731495582635, 42.1857970843255 ] ] ] } },
{ "type": "Feature", "properties": { "id": null, "LONG": 57.569326316222806 }, "geometry": { "type": "MultiLineString", "coordinates": [ [ [ -8.619706103814341, 42.186032097800322 ], [ -8.619084179894312, 42.185798255914172 ] ] ] } },
{ "type": "Feature", "properties": { "id": null, "LONG": 44.169803856878566 }, "geometry": { "type": "MultiLineString", "coordinates": [ [ [ -8.620205568225934, 42.186174035401457 ], [ -8.619706103814341, 42.186032097800322 ] ] ] } },
{ "type": "Feature", "properties": { "id": null, "LONG": 27.310266851123629 }, "geometry": { "type": "MultiLineString", "coordinates": [ [ [ -8.620508420375858, 42.186272630486215 ], [ -8.620205568225934, 42.186174035401457 ] ] ] } },
{ "type": "Feature", "properties": { "id": null, "LONG": 55.614664764828504 }, "geometry": { "type": "MultiLineString", "coordinates": [ [ [ -8.621130645304811, 42.186463802532693 ], [ -8.620508420375858, 42.186272630486215 ] ] ] } },
{ "type": "Feature", "properties": { "id": null, "LONG": 27.93556536565238 }, "geometry": { "type": "MultiLineString", "coordinates": [ [ [ -8.621441735074066, 42.18656241334908 ], [ -8.621130645304811, 42.186463802532693 ] ] ] } },
{ "type": "Feature", "properties": { "id": null, "LONG": 13.61788971070337 }, "geometry": { "type": "MultiLineString", "coordinates": [ [ [ -8.621424598328321, 42.186684347865842 ], [ -8.621441735074066, 42.18656241334908 ] ] ] } },
{ "type": "Feature", "properties": { "id": null, "LONG": 28.497355933626764 }, "geometry": { "type": "MultiLineString", "coordinates": [ [ [ -8.621316538494394, 42.186927991356313 ], [ -8.621424598328321, 42.186684347865842 ] ] ] } },
{ "type": "Feature", "properties": { "id": null, "LONG": 31.085258273401998 }, "geometry": { "type": "MultiLineString", "coordinates": [ [ [ -8.621208283839001, 42.187196014288929 ], [ -8.621316538494394, 42.186927991356313 ] ] ] } },
{ "type": "Feature", "properties": { "id": null, "LONG": 62.567997831395637 }, "geometry": { "type": "MultiLineString", "coordinates": [ [ [ -8.620975447211906, 42.187732023877942 ], [ -8.621208283839001, 42.187196014288929 ] ] ] } },
{ "type": "Feature", "properties": { "id": null, "LONG": 29.996986411001586 }, "geometry": { "type": "MultiLineString", "coordinates": [ [ [ -8.620859100226982, 42.187987843116986 ], [ -8.620975447211906, 42.187732023877942 ] ] ] } },
{ "type": "Feature", "properties": { "id": null, "LONG": 38.806263476300686 }, "geometry": { "type": "MultiLineString", "coordinates": [ [ [ -8.620725869187838, 42.188322862299522 ], [ -8.620859100226982, 42.187987843116986 ] ] ] } },
{ "type": "Feature", "properties": { "id": null, "LONG": 30.642773006625891 }, "geometry": { "type": "MultiLineString", "coordinates": [ [ [ -8.620609459310188, 42.18858479636188 ], [ -8.620725869187838, 42.188322862299522 ] ] ] } },
{ "type": "Feature", "properties": { "id": null, "LONG": 25.708854886582873 }, "geometry": { "type": "MultiLineString", "coordinates": [ [ [ -8.62050972573565, 42.188804041319905 ], [ -8.620609459310188, 42.18858479636188 ] ] ] } },
{ "type": "Feature", "properties": { "id": null, "LONG": 16.735416115935262 }, "geometry": { "type": "MultiLineString", "coordinates": [ [ [ -8.618476603431553, 42.185906024387201 ], [ -8.618369182285168, 42.186033764473315 ] ] ] } },
{ "type": "Feature", "properties": { "id": null, "LONG": 92.136932406600764 }, "geometry": { "type": "MultiLineString", "coordinates": [ [ [ -8.618369182285168, 42.186033764473315 ], [ -8.617888967379292, 42.186782431298127 ] ] ] } },
{ "type": "Feature", "properties": { "id": null, "LONG": 70.087161935361863 }, "geometry": { "type": "MultiLineString", "coordinates": [ [ [ -8.617888967379292, 42.186782431298127 ], [ -8.617467380633952, 42.187329999539976 ] ] ] } },
{ "type": "Feature", "properties": { "id": null, "LONG": 34.046775937968398 }, "geometry": { "type": "MultiLineString", "coordinates": [ [ [ -8.617467380633952, 42.187329999539976 ], [ -8.617252552709601, 42.187591584003144 ] ] ] } },
{ "type": "Feature", "properties": { "id": null, "LONG": 40.674585695554704 }, "geometry": { "type": "MultiLineString", "coordinates": [ [ [ -8.616475860634919, 42.188540556094061 ], [ -8.616227861503916, 42.188856903367167 ] ] ] } },
{ "type": "Feature", "properties": { "id": null, "LONG": 46.477747716180289 }, "geometry": { "type": "MultiLineString", "coordinates": [ [ [ -8.616765071970013, 42.188181637830311 ], [ -8.616475860634919, 42.188540556094061 ] ] ] } },
{ "type": "Feature", "properties": { "id": null, "LONG": 34.403452500792817 }, "geometry": { "type": "MultiLineString", "coordinates": [ [ [ -8.616988114649791, 42.187920072730257 ], [ -8.616765071970013, 42.188181637830311 ] ] ] } },
{ "type": "Feature", "properties": { "id": null, "LONG": 42.5266467207978 }, "geometry": { "type": "MultiLineString", "coordinates": [ [ [ -8.617252552709601, 42.187591584003144 ], [ -8.616988114649791, 42.187920072730257 ] ] ] } },
{ "type": "Feature", "properties": { "id": null, "LONG": 23.174460107828111 }, "geometry": { "type": "MultiLineString", "coordinates": [ [ [ -8.620434697050035, 42.189005076027293 ], [ -8.62050972573565, 42.188804041319905 ] ] ] } },
{ "type": "Feature", "properties": { "id": null, "LONG": 32.86557374981286 }, "geometry": { "type": "MultiLineString", "coordinates": [ [ [ -8.620334572691977, 42.189291434842332 ], [ -8.620434697050035, 42.189005076027293 ] ] ] } },
{ "type": "Feature", "properties": { "id": null, "LONG": 27.646927864551007 }, "geometry": { "type": "MultiLineString", "coordinates": [ [ [ -8.620693895106358, 42.189554906378888 ], [ -8.620424089840947, 42.189407624774653 ] ] ] } },
{ "type": "Feature", "properties": { "id": null, "LONG": 14.874294534318423 }, "geometry": { "type": "MultiLineString", "coordinates": [ [ [ -8.620424089840947, 42.189407624774653 ], [ -8.620334572691977, 42.189291434842332 ] ] ] } },
{ "type": "Feature", "properties": { "id": null, "LONG": 44.913596934107112 }, "geometry": { "type": "MultiLineString", "coordinates": [ [ [ -8.621143662219698, 42.189782109729521 ], [ -8.620693895106358, 42.189554906378888 ] ] ] } },
{ "type": "Feature", "properties": { "id": null, "LONG": 40.58863112761896 }, "geometry": { "type": "MultiLineString", "coordinates": [ [ [ -8.621552572076231, 42.18998472429584 ], [ -8.621143662219698, 42.189782109729521 ] ] ] } },
{ "type": "Feature", "properties": { "id": null, "LONG": 93.279009093006195 }, "geometry": { "type": "MultiLineString", "coordinates": [ [ [ -8.649903826111478, 42.200500591292069 ], [ -8.649580022803042, 42.200720519019058 ], [ -8.649172650072622, 42.201135393565153 ] ] ] } },
{ "type": "Feature", "properties": { "id": null, "LONG": 35.62142576009002 }, "geometry": { "type": "MultiLineString", "coordinates": [ [ [ -8.650168422131731, 42.200247338784997 ], [ -8.649903826111478, 42.200500591292069 ] ] ] } },
{ "type": "Feature", "properties": { "id": null, "LONG": 25.934767647005483 }, "geometry": { "type": "MultiLineString", "coordinates": [ [ [ -8.650309099903966, 42.200038595556109 ], [ -8.650168422131731, 42.200247338784997 ] ] ] } },
{ "type": "Feature", "properties": { "id": null, "LONG": 56.728867081530737 }, "geometry": { "type": "MultiLineString", "coordinates": [ [ [ -8.650723478659554, 42.199661979121935 ], [ -8.650595925100804, 42.199696310113552 ], [ -8.650495839991695, 42.199757545524442 ], [ -8.650309099903966, 42.200038595556109 ] ] ] } },
{ "type": "Feature", "properties": { "id": null, "LONG": 41.648106670364299 }, "geometry": { "type": "MultiLineString", "coordinates": [ [ [ -8.651273678017086, 42.20034142482821 ], [ -8.651027054756939, 42.200014378529048 ] ] ] } },
{ "type": "Feature", "properties": { "id": null, "LONG": 13.671251206580481 }, "geometry": { "type": "MultiLineString", "coordinates": [ [ [ -8.621629333423034, 42.201188297157323 ], [ -8.621793678660602, 42.201203015075386 ] ] ] } },
{ "type": "Feature", "properties": { "id": null, "LONG": 23.529533495404827 }, "geometry": { "type": "MultiLineString", "coordinates": [ [ [ -8.621379506509355, 42.201086475865587 ], [ -8.621629333423034, 42.201188297157323 ] ] ] } },
{ "type": "Feature", "properties": { "id": null, "LONG": 6.8264733948282084 }, "geometry": { "type": "MultiLineString", "coordinates": [ [ [ -8.621324606530054, 42.201040533482725 ], [ -8.621379506509355, 42.201086475865587 ] ] ] } },
{ "type": "Feature", "properties": { "id": null, "LONG": 76.337884246908772 }, "geometry": { "type": "MultiLineString", "coordinates": [ [ [ -8.62050505471306, 42.200731672967677 ], [ -8.620748839046783, 42.200786147917711 ], [ -8.621324606530054, 42.201040533482725 ] ] ] } },
{ "type": "Feature", "properties": { "id": null, "LONG": 37.513378915348198 }, "geometry": { "type": "MultiLineString", "coordinates": [ [ [ -8.651658289199238, 42.200521080930734 ], [ -8.651273678017086, 42.20034142482821 ] ] ] } },
{ "type": "Feature", "properties": { "id": null, "LONG": 21.481833299698486 }, "geometry": { "type": "MultiLineString", "coordinates": [ [ [ -8.657078435130954, 42.201269734409841 ], [ -8.65706433271256, 42.201076623335481 ] ] ] } },
{ "type": "Feature", "properties": { "id": null, "LONG": 28.987787737221527 }, "geometry": { "type": "MultiLineString", "coordinates": [ [ [ -8.657188041681689, 42.20173631802416 ], [ -8.657224045890283, 42.201476724941365 ] ] ] } },
{ "type": "Feature", "properties": { "id": null, "LONG": 45.786714390511001 }, "geometry": { "type": "MultiLineString", "coordinates": [ [ [ -8.657064786504709, 42.202138207987915 ], [ -8.657188041681689, 42.20173631802416 ] ] ] } },
{ "type": "Feature", "properties": { "id": null, "LONG": 157.43800690071774 }, "geometry": { "type": "MultiLineString", "coordinates": [ [ [ -8.657024015231766, 42.203543346841364 ], [ -8.656957946575993, 42.202415178260779 ], [ -8.657064786504709, 42.202138207987915 ] ] ] } },
{ "type": "Feature", "properties": { "id": null, "LONG": 22.897731084115392 }, "geometry": { "type": "MultiLineString", "coordinates": [ [ [ -8.657254738772552, 42.203657660306369 ], [ -8.657024015231766, 42.203543346841364 ] ] ] } },
{ "type": "Feature", "properties": { "id": null, "LONG": 24.475244520124541 }, "geometry": { "type": "MultiLineString", "coordinates": [ [ [ -8.657487487911077, 42.203794062876597 ], [ -8.657254738772552, 42.203657660306369 ] ] ] } },
{ "type": "Feature", "properties": { "id": null, "LONG": 12.533173861680307 }, "geometry": { "type": "MultiLineString", "coordinates": [ [ [ -8.65759956244985, 42.203870140694548 ], [ -8.657487487911077, 42.203794062876597 ] ] ] } },
{ "type": "Feature", "properties": { "id": null, "LONG": 27.701823995849871 }, "geometry": { "type": "MultiLineString", "coordinates": [ [ [ -8.657880061647649, 42.204202392536587 ], [ -8.657758218221487, 42.203970035026686 ] ] ] } },
{ "type": "Feature", "properties": { "id": null, "LONG": 27.627027901725455 }, "geometry": { "type": "MultiLineString", "coordinates": [ [ [ -8.65790845126166, 42.204450214319102 ], [ -8.657880061647649, 42.204202392536587 ] ] ] } },
{ "type": "Feature", "properties": { "id": null, "LONG": 39.367386231657257 }, "geometry": { "type": "MultiLineString", "coordinates": [ [ [ -8.657872578071839, 42.204803623778758 ], [ -8.65790845126166, 42.204450214319102 ] ] ] } },
{ "type": "Feature", "properties": { "id": null, "LONG": 12.044079921853683 }, "geometry": { "type": "MultiLineString", "coordinates": [ [ [ -8.657716683587243, 42.205374421149791 ], [ -8.657757233177676, 42.205270266865348 ] ] ] } },
{ "type": "Feature", "properties": { "id": null, "LONG": 37.372158159087384 }, "geometry": { "type": "MultiLineString", "coordinates": [ [ [ -8.657350543514367, 42.205572151770568 ], [ -8.657716683587243, 42.205374421149791 ] ] ] } },
{ "type": "Feature", "properties": { "id": null, "LONG": 39.875375914347089 }, "geometry": { "type": "MultiLineString", "coordinates": [ [ [ -8.656929306843724, 42.205747623929653 ], [ -8.657350543514367, 42.205572151770568 ] ] ] } },
{ "type": "Feature", "properties": { "id": null, "LONG": 17.169789981759124 }, "geometry": { "type": "MultiLineString", "coordinates": [ [ [ -8.657758218221487, 42.203970035026686 ], [ -8.65759956244985, 42.203870140694548 ] ] ] } },
{ "type": "Feature", "properties": { "id": null, "LONG": 81.141907158474439 }, "geometry": { "type": "MultiLineString", "coordinates": [ [ [ -8.65706433271256, 42.201076623335481 ], [ -8.65708797558829, 42.200346334659649 ] ] ] } },
{ "type": "Feature", "properties": { "id": null, "LONG": 21.321765967709744 }, "geometry": { "type": "MultiLineString", "coordinates": [ [ [ -8.65708797558829, 42.200346334659649 ], [ -8.656972436074172, 42.200517992229791 ] ] ] } },
{ "type": "Feature", "properties": { "id": null, "LONG": 748.20447968871576 }, "geometry": { "type": "MultiLineString", "coordinates": [ [ [ -8.639956003756593, 42.191300156016233 ], [ -8.639951736151161, 42.191296684184387 ], [ -8.639682445466891, 42.190872630352033 ], [ -8.639334513805274, 42.190068756015286 ], [ -8.638830960733545, 42.188868498464856 ], [ -8.639181858216173, 42.187853857132147 ], [ -8.639146736208984, 42.187575243169604 ], [ -8.637831985755771, 42.187631172453258 ], [ -8.637349871969509, 42.187192760168557 ], [ -8.636371989797807, 42.186766429101624 ], [ -8.635889952640909, 42.187028750360113 ] ] ] } },
{ "type": "Feature", "properties": { "id": null, "LONG": 44.513971081493047 }, "geometry": { "type": "MultiLineString", "coordinates": [ [ [ -8.654086155552099, 42.200789827523352 ], [ -8.65357844924513, 42.200924345149673 ] ] ] } },
{ "type": "Feature", "properties": { "id": null, "LONG": 45.326809981569021 }, "geometry": { "type": "MultiLineString", "coordinates": [ [ [ -8.654610092545308, 42.200668352656628 ], [ -8.654086155552099, 42.200789827523352 ] ] ] } },
{ "type": "Feature", "properties": { "id": null, "LONG": 34.341605209690982 }, "geometry": { "type": "MultiLineString", "coordinates": [ [ [ -8.655020899726477, 42.200620545725243 ], [ -8.654610092545308, 42.200668352656628 ] ] ] } },
{ "type": "Feature", "properties": { "id": null, "LONG": 25.943484021469072 }, "geometry": { "type": "MultiLineString", "coordinates": [ [ [ -8.655328001020367, 42.200669656321942 ], [ -8.655020899726477, 42.200620545725243 ] ] ] } },
{ "type": "Feature", "properties": { "id": null, "LONG": 23.473826857219002 }, "geometry": { "type": "MultiLineString", "coordinates": [ [ [ -8.655572153278559, 42.200777844226884 ], [ -8.655328001020367, 42.200669656321942 ] ] ] } },
{ "type": "Feature", "properties": { "id": null, "LONG": 39.525818653143205 }, "geometry": { "type": "MultiLineString", "coordinates": [ [ [ -8.655988408281569, 42.200953436564305 ], [ -8.655572153278559, 42.200777844226884 ] ] ] } },
{ "type": "Feature", "properties": { "id": null, "LONG": 32.79798767843662 }, "geometry": { "type": "MultiLineString", "coordinates": [ [ [ -8.656347974226168, 42.201078776546055 ], [ -8.655988408281569, 42.200953436564305 ] ] ] } },
{ "type": "Feature", "properties": { "id": null, "LONG": 42.393315196861899 }, "geometry": { "type": "MultiLineString", "coordinates": [ [ [ -8.656972436074172, 42.200517992229791 ], [ -8.656733668832029, 42.200855844172274 ] ] ] } },
{ "type": "Feature", "properties": { "id": null, "LONG": 36.662070240669941 }, "geometry": { "type": "MultiLineString", "coordinates": [ [ [ -8.657778144081021, 42.205126128923801 ], [ -8.657872578071839, 42.204803623778758 ] ] ] } },
{ "type": "Feature", "properties": { "id": null, "LONG": 16.103312879160534 }, "geometry": { "type": "MultiLineString", "coordinates": [ [ [ -8.657757233177676, 42.205270266865348 ], [ -8.657778144081021, 42.205126128923801 ] ] ] } },
{ "type": "Feature", "properties": { "id": null, "LONG": 42.301900113777442 }, "geometry": { "type": "MultiLineString", "coordinates": [ [ [ -8.656733668832029, 42.200855844172274 ], [ -8.656605838135119, 42.201001913604188 ], [ -8.656347974226168, 42.201078776546055 ] ] ] } },
{ "type": "Feature", "properties": { "id": null, "LONG": 40.983392760242367 }, "geometry": { "type": "MultiLineString", "coordinates": [ [ [ -8.65357844924513, 42.200924345149673 ], [ -8.653083026332101, 42.200945372823114 ] ] ] } },
{ "type": "Feature", "properties": { "id": null, "LONG": 38.754331916747589 }, "geometry": { "type": "MultiLineString", "coordinates": [ [ [ -8.653083026332101, 42.200945372823114 ], [ -8.652614055888037, 42.200933551304622 ] ] ] } },
{ "type": "Feature", "properties": { "id": null, "LONG": 35.833639829286646 }, "geometry": { "type": "MultiLineString", "coordinates": [ [ [ -8.652177879021904, 42.200934283066417 ], [ -8.651749776035494, 42.200986734041393 ] ] ] } },
{ "type": "Feature", "properties": { "id": null, "LONG": 21.704666261996092 }, "geometry": { "type": "MultiLineString", "coordinates": [ [ [ -8.651027054756939, 42.200014378529048 ], [ -8.650806633619689, 42.200120778644475 ] ] ] } },
{ "type": "Feature", "properties": { "id": null, "LONG": 25.239696474068975 }, "geometry": { "type": "MultiLineString", "coordinates": [ [ [ -8.651680252572836, 42.200747719995334 ], [ -8.651658289199238, 42.200521080930734 ] ] ] } },
{ "type": "Feature", "properties": { "id": null, "LONG": 27.162832356733826 }, "geometry": { "type": "MultiLineString", "coordinates": [ [ [ -8.651749776035494, 42.200986734041393 ], [ -8.651680252572836, 42.200747719995334 ] ] ] } },
{ "type": "Feature", "properties": { "id": null, "LONG": 36.023766305495961 }, "geometry": { "type": "MultiLineString", "coordinates": [ [ [ -8.652614055888037, 42.200933551304622 ], [ -8.652177879021904, 42.200934283066417 ] ] ] } },
{ "type": "Feature", "properties": { "id": null, "LONG": 8.0120155324310875 }, "geometry": { "type": "MultiLineString", "coordinates": [ [ [ -8.650806633619689, 42.200120778644475 ], [ -8.650746447728858, 42.200064208991151 ] ] ] } },
{ "type": "Feature", "properties": { "id": null, "LONG": 35.06375222349714 }, "geometry": { "type": "MultiLineString", "coordinates": [ [ [ -8.650969637632073, 42.199919170533185 ], [ -8.650723478659554, 42.199661979121935 ] ] ] } },
{ "type": "Feature", "properties": { "id": null, "LONG": 24.481394065672671 }, "geometry": { "type": "MultiLineString", "coordinates": [ [ [ -8.650746447728858, 42.200064208991151 ], [ -8.650969637632073, 42.199919170533185 ] ] ] } },
{ "type": "Feature", "properties": { "id": null, "LONG": 9.3238171263584864 }, "geometry": { "type": "MultiLineString", "coordinates": [ [ [ -8.657224045890283, 42.201476724941365 ], [ -8.65722299599488, 42.201392788596088 ] ] ] } },
{ "type": "Feature", "properties": { "id": null, "LONG": 18.148596764801407 }, "geometry": { "type": "MultiLineString", "coordinates": [ [ [ -8.65722299599488, 42.201392788596088 ], [ -8.657078435130954, 42.201269734409841 ] ] ] } },
{ "type": "Feature", "properties": { "id": null, "LONG": 71.947631065670279 }, "geometry": { "type": "MultiLineString", "coordinates": [ [ [ -8.647596250741065, 42.199575329793653 ], [ -8.647611673962642, 42.198927704688934 ] ] ] } },
{ "type": "Feature", "properties": { "id": null, "LONG": 11.596168162790075 }, "geometry": { "type": "MultiLineString", "coordinates": [ [ [ -8.600282309928778, 42.20528731556729 ], [ -8.60041688719242, 42.20531710900979 ] ] ] } },
{ "type": "Feature", "properties": { "id": null, "LONG": 19.186635312762053 }, "geometry": { "type": "MultiLineString", "coordinates": [ [ [ -8.600056697787966, 42.205246081804056 ], [ -8.600282309928778, 42.20528731556729 ] ] ] } },
{ "type": "Feature", "properties": { "id": null, "LONG": 30.854148135313682 }, "geometry": { "type": "MultiLineString", "coordinates": [ [ [ -8.599683779885058, 42.20526297380205 ], [ -8.600056697787966, 42.205246081804056 ] ] ] } },
{ "type": "Feature", "properties": { "id": null, "LONG": 33.903831700133168 }, "geometry": { "type": "MultiLineString", "coordinates": [ [ [ -8.599276266165525, 42.205299953129078 ], [ -8.599683779885058, 42.20526297380205 ] ] ] } },
{ "type": "Feature", "properties": { "id": null, "LONG": 44.431310015191301 }, "geometry": { "type": "MultiLineString", "coordinates": [ [ [ -8.598792612723843, 42.205475167545146 ], [ -8.599276266165525, 42.205299953129078 ] ] ] } },
{ "type": "Feature", "properties": { "id": null, "LONG": 35.131659262797704 }, "geometry": { "type": "MultiLineString", "coordinates": [ [ [ -8.598528660996458, 42.205723205380217 ], [ -8.598792612723843, 42.205475167545146 ] ] ] } },
{ "type": "Feature", "properties": { "id": null, "LONG": 26.857836636663524 }, "geometry": { "type": "MultiLineString", "coordinates": [ [ [ -8.598328990010581, 42.205914063600652 ], [ -8.598528660996458, 42.205723205380217 ] ] ] } },
{ "type": "Feature", "properties": { "id": null, "LONG": 23.879996469451775 }, "geometry": { "type": "MultiLineString", "coordinates": [ [ [ -8.59818315085208, 42.206099703579468 ], [ -8.598328990010581, 42.205914063600652 ] ] ] } },
{ "type": "Feature", "properties": { "id": null, "LONG": 11.124321540610982 }, "geometry": { "type": "MultiLineString", "coordinates": [ [ [ -8.643227717702027, 42.172427917451962 ], [ -8.64311181419715, 42.172478874315686 ] ] ] } },
{ "type": "Feature", "properties": { "id": null, "LONG": 21.371875803442862 }, "geometry": { "type": "MultiLineString", "coordinates": [ [ [ -8.643444786757215, 42.172323288450457 ], [ -8.643227717702027, 42.172427917451962 ] ] ] } },
{ "type": "Feature", "properties": { "id": null, "LONG": 35.39160624552855 }, "geometry": { "type": "MultiLineString", "coordinates": [ [ [ -8.643837759500471, 42.172196525965312 ], [ -8.643444786757215, 42.172323288450457 ] ] ] } },
{ "type": "Feature", "properties": { "id": null, "LONG": 38.50659073935951 }, "geometry": { "type": "MultiLineString", "coordinates": [ [ [ -8.644199443741547, 42.171977914133677 ], [ -8.643837759500471, 42.172196525965312 ] ] ] } },
{ "type": "Feature", "properties": { "id": null, "LONG": 41.851097392332314 }, "geometry": { "type": "MultiLineString", "coordinates": [ [ [ -8.657093612566937, 42.174960610267561 ], [ -8.65679414946913, 42.174656732842408 ] ] ] } },
{ "type": "Feature", "properties": { "id": null, "LONG": 60.927391717367406 }, "geometry": { "type": "MultiLineString", "coordinates": [ [ [ -8.657675468047913, 42.175297579794112 ], [ -8.657093612566937, 42.174960610267561 ] ] ] } },
{ "type": "Feature", "properties": { "id": null, "LONG": 73.152701855082853 }, "geometry": { "type": "MultiLineString", "coordinates": [ [ [ -8.658437477560083, 42.175632918925366 ], [ -8.657675468047913, 42.175297579794112 ] ] ] } },
{ "type": "Feature", "properties": { "id": null, "LONG": 56.755828256908991 }, "geometry": { "type": "MultiLineString", "coordinates": [ [ [ -8.659044051262496, 42.175393110812003 ], [ -8.658437477560083, 42.175632918925366 ] ] ] } },
{ "type": "Feature", "properties": { "id": null, "LONG": 41.916723139414231 }, "geometry": { "type": "MultiLineString", "coordinates": [ [ [ -8.659519919337511, 42.175523928115958 ], [ -8.659044051262496, 42.175393110812003 ] ] ] } },
{ "type": "Feature", "properties": { "id": null, "LONG": 22.549520308618529 }, "geometry": { "type": "MultiLineString", "coordinates": [ [ [ -8.659769593756023, 42.175441941365044 ], [ -8.659519919337511, 42.175523928115958 ] ] ] } },
{ "type": "Feature", "properties": { "id": null, "LONG": 36.202532398077253 }, "geometry": { "type": "MultiLineString", "coordinates": [ [ [ -8.660061786316783, 42.175233507011363 ], [ -8.660044559280946, 42.175292144992994 ], [ -8.659990677063391, 42.175354864566536 ], [ -8.659953907645985, 42.175379906493255 ], [ -8.659922785370069, 42.175402869373997 ], [ -8.659874801552602, 42.175417397102599 ], [ -8.659826806282737, 42.175434020845273 ], [ -8.659790171929309, 42.175435601607681 ], [ -8.659769593756023, 42.175441941365044 ] ] ] } },
{ "type": "Feature", "properties": { "id": null, "LONG": 26.762619633539455 }, "geometry": { "type": "MultiLineString", "coordinates": [ [ [ -8.644458578612786, 42.171833369649676 ], [ -8.644199443741547, 42.171977914133677 ] ] ] } },
{ "type": "Feature", "properties": { "id": null, "LONG": 57.539410948875755 }, "geometry": { "type": "MultiLineString", "coordinates": [ [ [ -8.645088777962927, 42.171632759439113 ], [ -8.644912656701441, 42.171735055679697 ], [ -8.644458578612786, 42.171833369649676 ] ] ] } },
{ "type": "Feature", "properties": { "id": null, "LONG": 43.510776563724306 }, "geometry": { "type": "MultiLineString", "coordinates": [ [ [ -8.6450282502791, 42.171243637130168 ], [ -8.645088777962927, 42.171632759439113 ] ] ] } },
{ "type": "Feature", "properties": { "id": null, "LONG": 31.90809939871157 }, "geometry": { "type": "MultiLineString", "coordinates": [ [ [ -8.645407596212033, 42.171291292537937 ], [ -8.645226637002217, 42.171255965976229 ], [ -8.6450282502791, 42.171243637130168 ] ] ] } },
{ "type": "Feature", "properties": { "id": null, "LONG": 18.276809041730697 }, "geometry": { "type": "MultiLineString", "coordinates": [ [ [ -8.643129768291219, 42.173188162497631 ], [ -8.643034556039494, 42.173039643102669 ] ] ] } },
{ "type": "Feature", "properties": { "id": null, "LONG": 15.746442952852613 }, "geometry": { "type": "MultiLineString", "coordinates": [ [ [ -8.643191430296978, 42.173322298918706 ], [ -8.643129768291219, 42.173188162497631 ] ] ] } },
{ "type": "Feature", "properties": { "id": null, "LONG": 28.713027904587733 }, "geometry": { "type": "MultiLineString", "coordinates": [ [ [ -8.643034556039494, 42.173039643102669 ], [ -8.643069539762411, 42.172782458886019 ] ] ] } },
{ "type": "Feature", "properties": { "id": null, "LONG": 30.012235405822334 }, "geometry": { "type": "MultiLineString", "coordinates": [ [ [ -8.643069539762411, 42.172782458886019 ], [ -8.643143231406034, 42.172517883985478 ] ] ] } },
{ "type": "Feature", "properties": { "id": null, "LONG": 39.90882986325839 }, "geometry": { "type": "MultiLineString", "coordinates": [ [ [ -8.65266174196646, 42.172465777952425 ], [ -8.652464348277372, 42.172137861424467 ] ] ] } },
{ "type": "Feature", "properties": { "id": null, "LONG": 33.3046676770837 }, "geometry": { "type": "MultiLineString", "coordinates": [ [ [ -8.645800511998441, 42.171341095289705 ], [ -8.645587348581163, 42.171336668675927 ], [ -8.645407596212033, 42.171291292537937 ] ] ] } },
{ "type": "Feature", "properties": { "id": null, "LONG": 37.533259901230039 }, "geometry": { "type": "MultiLineString", "coordinates": [ [ [ -8.646254472859731, 42.171329185912569 ], [ -8.645800511998441, 42.171341095289705 ] ] ] } },
{ "type": "Feature", "properties": { "id": null, "LONG": 26.187455005428134 }, "geometry": { "type": "MultiLineString", "coordinates": [ [ [ -8.646569852361564, 42.171305883762578 ], [ -8.646254472859731, 42.171329185912569 ] ] ] } },
{ "type": "Feature", "properties": { "id": null, "LONG": 35.99945972464576 }, "geometry": { "type": "MultiLineString", "coordinates": [ [ [ -8.646903591993169, 42.171101771214019 ], [ -8.646735505246632, 42.171231409617285 ], [ -8.646569852361564, 42.171305883762578 ] ] ] } },
{ "type": "Feature", "properties": { "id": null, "LONG": 35.637677043727052 }, "geometry": { "type": "MultiLineString", "coordinates": [ [ [ -8.647265772969899, 42.170929470351091 ], [ -8.647095502961969, 42.170995300547155 ], [ -8.646903591993169, 42.171101771214019 ] ] ] } },
{ "type": "Feature", "properties": { "id": null, "LONG": 39.114552655849643 }, "geometry": { "type": "MultiLineString", "coordinates": [ [ [ -8.647722658936582, 42.170837332609146 ], [ -8.647265772969899, 42.170929470351091 ] ] ] } },
{ "type": "Feature", "properties": { "id": null, "LONG": 51.78494231433563 }, "geometry": { "type": "MultiLineString", "coordinates": [ [ [ -8.648310963482313, 42.170676624350577 ], [ -8.647722658936582, 42.170837332609146 ] ] ] } },
{ "type": "Feature", "properties": { "id": null, "LONG": 50.762831790532594 }, "geometry": { "type": "MultiLineString", "coordinates": [ [ [ -8.648878377100447, 42.170501434246198 ], [ -8.648310963482313, 42.170676624350577 ] ] ] } },
{ "type": "Feature", "properties": { "id": null, "LONG": 25.519228989592897 }, "geometry": { "type": "MultiLineString", "coordinates": [ [ [ -8.649142045075035, 42.1703818051555 ], [ -8.648878377100447, 42.170501434246198 ] ] ] } },
{ "type": "Feature", "properties": { "id": null, "LONG": 30.309738827878583 }, "geometry": { "type": "MultiLineString", "coordinates": [ [ [ -8.64942327583381, 42.170206613938554 ], [ -8.649142045075035, 42.1703818051555 ] ] ] } },
{ "type": "Feature", "properties": { "id": null, "LONG": 5.0511503078065756 }, "geometry": { "type": "MultiLineString", "coordinates": [ [ [ -8.643143231406034, 42.172517883985478 ], [ -8.64311181419715, 42.172478874315686 ] ] ] } },
{ "type": "Feature", "properties": { "id": null, "LONG": 32.748164152358939 }, "geometry": { "type": "MultiLineString", "coordinates": [ [ [ -8.649788294581795, 42.170094339528404 ], [ -8.649560390186277, 42.170151669227693 ], [ -8.64942327583381, 42.170206613938554 ] ] ] } },
{ "type": "Feature", "properties": { "id": null, "LONG": 36.382951023636437 }, "geometry": { "type": "MultiLineString", "coordinates": [ [ [ -8.650701578765709, 42.170112923394861 ], [ -8.650262659005605, 42.170086887155222 ] ] ] } },
{ "type": "Feature", "properties": { "id": null, "LONG": 38.244251156342514 }, "geometry": { "type": "MultiLineString", "coordinates": [ [ [ -8.651109924855893, 42.170275007506511 ], [ -8.650701578765709, 42.170112923394861 ] ] ] } },
{ "type": "Feature", "properties": { "id": null, "LONG": 59.541342303367522 }, "geometry": { "type": "MultiLineString", "coordinates": [ [ [ -8.651821063254797, 42.170361508555999 ], [ -8.651109924855893, 42.170275007506511 ] ] ] } },
{ "type": "Feature", "properties": { "id": null, "LONG": 52.582610601122958 }, "geometry": { "type": "MultiLineString", "coordinates": [ [ [ -8.652457429146938, 42.1703623115665 ], [ -8.651821063254797, 42.170361508555999 ] ] ] } },
{ "type": "Feature", "properties": { "id": null, "LONG": 39.406934664636807 }, "geometry": { "type": "MultiLineString", "coordinates": [ [ [ -8.652730493900174, 42.170653174612347 ], [ -8.652457429146938, 42.1703623115665 ] ] ] } },
{ "type": "Feature", "properties": { "id": null, "LONG": 37.264585921280435 }, "geometry": { "type": "MultiLineString", "coordinates": [ [ [ -8.652736332416998, 42.170988631967319 ], [ -8.652730493900174, 42.170653174612347 ] ] ] } },
{ "type": "Feature", "properties": { "id": null, "LONG": 36.691829317420869 }, "geometry": { "type": "MultiLineString", "coordinates": [ [ [ -8.652698099784946, 42.171317734381745 ], [ -8.652736332416998, 42.170988631967319 ] ] ] } },
{ "type": "Feature", "properties": { "id": null, "LONG": 32.541904803348473 }, "geometry": { "type": "MultiLineString", "coordinates": [ [ [ -8.652576666551655, 42.171596428519287 ], [ -8.652698099784946, 42.171317734381745 ] ] ] } },
{ "type": "Feature", "properties": { "id": null, "LONG": 31.788520465319898 }, "geometry": { "type": "MultiLineString", "coordinates": [ [ [ -8.652512635735249, 42.1718786224626 ], [ -8.652576666551655, 42.171596428519287 ] ] ] } },
{ "type": "Feature", "properties": { "id": null, "LONG": 29.070490329779322 }, "geometry": { "type": "MultiLineString", "coordinates": [ [ [ -8.652464348277372, 42.172137861424467 ], [ -8.652512635735249, 42.1718786224626 ] ] ] } },
{ "type": "Feature", "properties": { "id": null, "LONG": 39.205357441563194 }, "geometry": { "type": "MultiLineString", "coordinates": [ [ [ -8.650262659005605, 42.170086887155222 ], [ -8.649788294581795, 42.170094339528404 ] ] ] } },
{ "type": "Feature", "properties": { "id": null, "LONG": 50.92167654140335 }, "geometry": { "type": "MultiLineString", "coordinates": [ [ [ -8.656478537959714, 42.174365750265146 ], [ -8.656015680932853, 42.174063054442904 ] ] ] } },
{ "type": "Feature", "properties": { "id": null, "LONG": 45.537495712072968 }, "geometry": { "type": "MultiLineString", "coordinates": [ [ [ -8.656015680932853, 42.174063054442904 ], [ -8.655991088967282, 42.17407430321839 ], [ -8.65596389816618, 42.174087736777203 ], [ -8.655937395815085, 42.174101911190697 ], [ -8.655911618377027, 42.174116806957358 ], [ -8.655886601317761, 42.174132403583251 ], [ -8.655862379056957, 42.174148679610084 ], [ -8.655838984920871, 42.174165612644899 ], [ -8.655816451096472, 42.174183179390738 ], [ -8.655794808587167, 42.174201355678761 ], [ -8.655774087170139, 42.174220116501481 ], [ -8.655754315355386, 42.174239436047145 ], [ -8.655735520346482, 42.17425928773531 ], [ -8.655717728003163, 42.174279644253374 ], [ -8.655700962805723, 42.174300477594088 ], [ -8.655685247821348, 42.17432175909417 ], [ -8.655670604672368, 42.174343459473768 ], [ -8.655657053506506, 42.174365548876601 ] ] ] } },
{ "type": "Feature", "properties": { "id": null, "LONG": 42.737454209216281 }, "geometry": { "type": "MultiLineString", "coordinates": [ [ [ -8.655657053506506, 42.174365548876601 ], [ -8.655485715569698, 42.174728583549779 ] ] ] } },
{ "type": "Feature", "properties": { "id": null, "LONG": 43.620299501337406 }, "geometry": { "type": "MultiLineString", "coordinates": [ [ [ -8.66049949343433, 42.175372468685573 ], [ -8.660405120689088, 42.175316288430707 ], [ -8.660227914704993, 42.175257064571625 ], [ -8.660095794851648, 42.175197976381099 ], [ -8.660061786316783, 42.175233507011363 ] ] ] } },
{ "type": "Feature", "properties": { "id": null, "LONG": 33.601517731759294 }, "geometry": { "type": "MultiLineString", "coordinates": [ [ [ -8.660390378008769, 42.175663884433099 ], [ -8.66049949343433, 42.175372468685573 ] ] ] } },
{ "type": "Feature", "properties": { "id": null, "LONG": 34.826203517114529 }, "geometry": { "type": "MultiLineString", "coordinates": [ [ [ -8.660255147292226, 42.175960843674595 ], [ -8.660390378008769, 42.175663884433099 ] ] ] } },
{ "type": "Feature", "properties": { "id": null, "LONG": 35.661195688968988 }, "geometry": { "type": "MultiLineString", "coordinates": [ [ [ -8.652769264331829, 42.17277670581165 ], [ -8.65266174196646, 42.172465777952425 ] ] ] } },
{ "type": "Feature", "properties": { "id": null, "LONG": 50.808643069651907 }, "geometry": { "type": "MultiLineString", "coordinates": [ [ [ -8.652886992936464, 42.173225664091028 ], [ -8.652769264331829, 42.17277670581165 ] ] ] } },
{ "type": "Feature", "properties": { "id": null, "LONG": 57.070306772285953 }, "geometry": { "type": "MultiLineString", "coordinates": [ [ [ -8.653015758407003, 42.173730449068444 ], [ -8.652886992936464, 42.173225664091028 ] ] ] } },
{ "type": "Feature", "properties": { "id": null, "LONG": 57.804305800009899 }, "geometry": { "type": "MultiLineString", "coordinates": [ [ [ -8.652621212520302, 42.17468857634907 ], [ -8.652836583955045, 42.174193449035904 ] ] ] } },
{ "type": "Feature", "properties": { "id": null, "LONG": 41.994115097502196 }, "geometry": { "type": "MultiLineString", "coordinates": [ [ [ -8.65489031028474, 42.175119922724477 ], [ -8.654871629547241, 42.175116513179553 ], [ -8.65483749401932, 42.175111001810983 ], [ -8.654803122213416, 42.175106373746516 ], [ -8.654768555426216, 42.175102634546647 ], [ -8.654733835188651, 42.175099788703875 ], [ -8.654699003215992, 42.175097839637424 ], [ -8.654664101357747, 42.175096789688993 ], [ -8.654629171547377, 42.175096640120074 ], [ -8.65459425575192, 42.175097391110349 ], [ -8.654559395921581, 42.175099041757534 ], [ -8.654524633939328, 42.175101590078434 ], [ -8.654490011570585, 42.175105033011299 ], [ -8.654455570413047, 42.175109366419548 ], [ -8.654421351846709, 42.175114585096743 ], [ -8.65438739698417, 42.175120682772778 ] ] ] } },
{ "type": "Feature", "properties": { "id": null, "LONG": 43.780207049428157 }, "geometry": { "type": "MultiLineString", "coordinates": [ [ [ -8.65541998837908, 42.175109103328275 ], [ -8.65489031028474, 42.175119922724477 ] ] ] } },
{ "type": "Feature", "properties": { "id": null, "LONG": 42.614318776306149 }, "geometry": { "type": "MultiLineString", "coordinates": [ [ [ -8.655485715569698, 42.174728583549779 ], [ -8.65541998837908, 42.175109103328275 ] ] ] } },
{ "type": "Feature", "properties": { "id": null, "LONG": 37.836600658024608 }, "geometry": { "type": "MultiLineString", "coordinates": [ [ [ -8.652566028957413, 42.17502672904925 ], [ -8.652621212520302, 42.17468857634907 ] ] ] } },
{ "type": "Feature", "properties": { "id": null, "LONG": 61.770754207847638 }, "geometry": { "type": "MultiLineString", "coordinates": [ [ [ -8.652495936751379, 42.175580388702897 ], [ -8.652566028957413, 42.17502672904925 ] ] ] } },
{ "type": "Feature", "properties": { "id": null, "LONG": 29.871139431642803 }, "geometry": { "type": "MultiLineString", "coordinates": [ [ [ -8.652768386921251, 42.175757164994685 ], [ -8.652495936751379, 42.175580388702897 ] ] ] } },
{ "type": "Feature", "properties": { "id": null, "LONG": 38.939897404115101 }, "geometry": { "type": "MultiLineString", "coordinates": [ [ [ -8.653239613874812, 42.175751010175851 ], [ -8.652768386921251, 42.175757164994685 ] ] ] } },
{ "type": "Feature", "properties": { "id": null, "LONG": 61.581664105855005 }, "geometry": { "type": "MultiLineString", "coordinates": [ [ [ -8.65383792141486, 42.17542039719514 ], [ -8.653239613874812, 42.175751010175851 ] ] ] } },
{ "type": "Feature", "properties": { "id": null, "LONG": 56.297502068614456 }, "geometry": { "type": "MultiLineString", "coordinates": [ [ [ -8.65438739698417, 42.175120682772778 ], [ -8.65383792141486, 42.17542039719514 ] ] ] } },
{ "type": "Feature", "properties": { "id": null, "LONG": 53.51686834106728 }, "geometry": { "type": "MultiLineString", "coordinates": [ [ [ -8.652836583955045, 42.174193449035904 ], [ -8.653015758407003, 42.173730449068444 ] ] ] } },
{ "type": "Feature", "properties": { "id": null, "LONG": 11.313332998709654 }, "geometry": { "type": "MultiLineString", "coordinates": [ [ [ -8.652506735557353, 42.054022039505931 ], [ -8.652641714476024, 42.05400608316981 ] ] ] } },
{ "type": "Feature", "properties": { "id": null, "LONG": 196.33622780960667 }, "geometry": { "type": "MultiLineString", "coordinates": [ [ [ -8.654614776572734, 42.055800777349319 ], [ -8.654457621070604, 42.055838438095833 ], [ -8.654167207200953, 42.055857134640753 ], [ -8.654016624623836, 42.055837100535221 ], [ -8.653750128376853, 42.055775520577527 ], [ -8.652848773504513, 42.055506978080459 ], [ -8.652394232508145, 42.05533044268509 ] ] ] } },
{ "type": "Feature", "properties": { "id": null, "LONG": 85.564978304818311 }, "geometry": { "type": "MultiLineString", "coordinates": [ [ [ -8.652394232508145, 42.05533044268509 ], [ -8.652531431314552, 42.055136109212008 ], [ -8.652665001378168, 42.054979916390685 ], [ -8.652925948388045, 42.054670411653255 ] ] ] } },
{ "type": "Feature", "properties": { "id": null, "LONG": 82.668850082608131 }, "geometry": { "type": "MultiLineString", "coordinates": [ [ [ -8.652925948388045, 42.054670411653255 ], [ -8.652531316266975, 42.05426371503566 ], [ -8.652506735557353, 42.054022039505931 ] ] ] } },
{ "type": "Feature", "properties": { "id": null, "LONG": 428.56701126729695 }, "geometry": { "type": "MultiLineString", "coordinates": [ [ [ -8.648454381572481, 42.04841044871425 ], [ -8.648455108015927, 42.048278691499277 ], [ -8.648504259322177, 42.048159908732629 ], [ -8.648599284848268, 42.047949151390206 ], [ -8.648620026450608, 42.047875756083513 ], [ -8.648595504239029, 42.047783565991594 ], [ -8.648561473819052, 42.047713501023985 ], [ -8.6484835770861, 42.047654961835079 ], [ -8.648419489708742, 42.047645437436046 ], [ -8.648269221006913, 42.047661301211797 ], [ -8.64821767427655, 42.047647151079133 ], [ -8.648078697129291, 42.04760125053037 ], [ -8.647919235438444, 42.047582105273534 ], [ -8.647753426230386, 42.047579264495134 ], [ -8.647501809339227, 42.047534183511274 ], [ -8.647259978871151, 42.047416839252527 ], [ -8.647175897255206, 42.047345454023656 ], [ -8.647153225582793, 42.047201964735358 ], [ -8.647069770382164, 42.047017478092698 ], [ -8.64705159201082, 42.046910148996723 ], [ -8.647080608495285, 42.046755158489177 ], [ -8.64713418962118, 42.046684196435628 ], [ -8.647353538602225, 42.046623071901756 ], [ -8.647498140747008, 42.046499918712499 ], [ -8.647526775685083, 42.046413721683095 ], [ -8.64749109259126, 42.046359975491363 ], [ -8.647332375792221, 42.046206740192922 ], [ -8.647094124563131, 42.046008951649021 ], [ -8.647041318448839, 42.045939994492009 ], [ -8.647035545231081, 42.045852525746326 ], [ -8.647012718064309, 42.045660901703286 ] ] ] } },
{ "type": "Feature", "properties": { "id": null, "LONG": 44.256653122777116 }, "geometry": { "type": "MultiLineString", "coordinates": [ [ [ -8.651643434477997, 42.051826359432503 ], [ -8.651211805091517, 42.051591265042909 ] ] ] } },
{ "type": "Feature", "properties": { "id": null, "LONG": 12.996436809323853 }, "geometry": { "type": "MultiLineString", "coordinates": [ [ [ -8.651800326462515, 42.051822161110792 ], [ -8.651643434477997, 42.051826359432503 ] ] ] } },
{ "type": "Feature", "properties": { "id": null, "LONG": 78.371222170233509 }, "geometry": { "type": "MultiLineString", "coordinates": [ [ [ -8.652402817278402, 42.05236640794935 ], [ -8.651800326462515, 42.051822161110792 ] ] ] } },
{ "type": "Feature", "properties": { "id": null, "LONG": 78.92412696620643 }, "geometry": { "type": "MultiLineString", "coordinates": [ [ [ -8.65250563770064, 42.053072816170399 ], [ -8.652402817278402, 42.05236640794935 ] ] ] } },
{ "type": "Feature", "properties": { "id": null, "LONG": 77.688799645815806 }, "geometry": { "type": "MultiLineString", "coordinates": [ [ [ -8.652806323248385, 42.053735375537023 ], [ -8.65250563770064, 42.053072816170399 ] ] ] } },
{ "type": "Feature", "properties": { "id": null, "LONG": 16.176537888824377 }, "geometry": { "type": "MultiLineString", "coordinates": [ [ [ -8.65278670579467, 42.053880276866145 ], [ -8.652806323248385, 42.053735375537023 ] ] ] } },
{ "type": "Feature", "properties": { "id": null, "LONG": 18.420865481982215 }, "geometry": { "type": "MultiLineString", "coordinates": [ [ [ -8.652641714476024, 42.05400608316981 ], [ -8.65278670579467, 42.053880276866145 ] ] ] } },
{ "type": "Feature", "properties": { "id": null, "LONG": 11.313332998709654 }, "geometry": { "type": "MultiLineString", "coordinates": [ [ [ -8.652506735557353, 42.054022039505931 ], [ -8.652641714476024, 42.05400608316981 ] ] ] } },
{ "type": "Feature", "properties": { "id": null, "LONG": 196.33622780960667 }, "geometry": { "type": "MultiLineString", "coordinates": [ [ [ -8.654614776572734, 42.055800777349319 ], [ -8.654457621070604, 42.055838438095833 ], [ -8.654167207200953, 42.055857134640753 ], [ -8.654016624623836, 42.055837100535221 ], [ -8.653750128376853, 42.055775520577527 ], [ -8.652848773504513, 42.055506978080459 ], [ -8.652394232508145, 42.05533044268509 ] ] ] } },
{ "type": "Feature", "properties": { "id": null, "LONG": 85.564978304818311 }, "geometry": { "type": "MultiLineString", "coordinates": [ [ [ -8.652394232508145, 42.05533044268509 ], [ -8.652531431314552, 42.055136109212008 ], [ -8.652665001378168, 42.054979916390685 ], [ -8.652925948388045, 42.054670411653255 ] ] ] } },
{ "type": "Feature", "properties": { "id": null, "LONG": 82.668850082608131 }, "geometry": { "type": "MultiLineString", "coordinates": [ [ [ -8.652925948388045, 42.054670411653255 ], [ -8.652531316266975, 42.05426371503566 ], [ -8.652506735557353, 42.054022039505931 ] ] ] } },
{ "type": "Feature", "properties": { "id": null, "LONG": 153.6422773063303 }, "geometry": { "type": "MultiLineString", "coordinates": [ [ [ -8.641989819220566, 42.057817027037203 ], [ -8.641816300525884, 42.05877711606054 ], [ -8.641771080624174, 42.059190223197675 ] ] ] } },
{ "type": "Feature", "properties": { "id": null, "LONG": 428.56701126729695 }, "geometry": { "type": "MultiLineString", "coordinates": [ [ [ -8.648454381572481, 42.04841044871425 ], [ -8.648455108015927, 42.048278691499277 ], [ -8.648504259322177, 42.048159908732629 ], [ -8.648599284848268, 42.047949151390206 ], [ -8.648620026450608, 42.047875756083513 ], [ -8.648595504239029, 42.047783565991594 ], [ -8.648561473819052, 42.047713501023985 ], [ -8.6484835770861, 42.047654961835079 ], [ -8.648419489708742, 42.047645437436046 ], [ -8.648269221006913, 42.047661301211797 ], [ -8.64821767427655, 42.047647151079133 ], [ -8.648078697129291, 42.04760125053037 ], [ -8.647919235438444, 42.047582105273534 ], [ -8.647753426230386, 42.047579264495134 ], [ -8.647501809339227, 42.047534183511274 ], [ -8.647259978871151, 42.047416839252527 ], [ -8.647175897255206, 42.047345454023656 ], [ -8.647153225582793, 42.047201964735358 ], [ -8.647069770382164, 42.047017478092698 ], [ -8.64705159201082, 42.046910148996723 ], [ -8.647080608495285, 42.046755158489177 ], [ -8.64713418962118, 42.046684196435628 ], [ -8.647353538602225, 42.046623071901756 ], [ -8.647498140747008, 42.046499918712499 ], [ -8.647526775685083, 42.046413721683095 ], [ -8.64749109259126, 42.046359975491363 ], [ -8.647332375792221, 42.046206740192922 ], [ -8.647094124563131, 42.046008951649021 ], [ -8.647041318448839, 42.045939994492009 ], [ -8.647035545231081, 42.045852525746326 ], [ -8.647012718064309, 42.045660901703286 ] ] ] } },
{ "type": "Feature", "properties": { "id": null, "LONG": 53.119067351510765 }, "geometry": { "type": "MultiLineString", "coordinates": [ [ [ -8.641771080624174, 42.059190223197675 ], [ -8.641664426978972, 42.059661801888616 ] ] ] } },
{ "type": "Feature", "properties": { "id": null, "LONG": 44.256653122777116 }, "geometry": { "type": "MultiLineString", "coordinates": [ [ [ -8.651643434477997, 42.051826359432503 ], [ -8.651211805091517, 42.051591265042909 ] ] ] } },
{ "type": "Feature", "properties": { "id": null, "LONG": 12.996436809323853 }, "geometry": { "type": "MultiLineString", "coordinates": [ [ [ -8.651800326462515, 42.051822161110792 ], [ -8.651643434477997, 42.051826359432503 ] ] ] } },
{ "type": "Feature", "properties": { "id": null, "LONG": 78.371222170233509 }, "geometry": { "type": "MultiLineString", "coordinates": [ [ [ -8.652402817278402, 42.05236640794935 ], [ -8.651800326462515, 42.051822161110792 ] ] ] } },
{ "type": "Feature", "properties": { "id": null, "LONG": 78.92412696620643 }, "geometry": { "type": "MultiLineString", "coordinates": [ [ [ -8.65250563770064, 42.053072816170399 ], [ -8.652402817278402, 42.05236640794935 ] ] ] } },
{ "type": "Feature", "properties": { "id": null, "LONG": 77.688799645815806 }, "geometry": { "type": "MultiLineString", "coordinates": [ [ [ -8.652806323248385, 42.053735375537023 ], [ -8.65250563770064, 42.053072816170399 ] ] ] } },
{ "type": "Feature", "properties": { "id": null, "LONG": 16.176537888824377 }, "geometry": { "type": "MultiLineString", "coordinates": [ [ [ -8.65278670579467, 42.053880276866145 ], [ -8.652806323248385, 42.053735375537023 ] ] ] } },
{ "type": "Feature", "properties": { "id": null, "LONG": 18.420865481982215 }, "geometry": { "type": "MultiLineString", "coordinates": [ [ [ -8.652641714476024, 42.05400608316981 ], [ -8.65278670579467, 42.053880276866145 ] ] ] } },
{ "type": "Feature", "properties": { "id": null, "LONG": 19.664148721999545 }, "geometry": { "type": "MultiLineString", "coordinates": [ [ [ -8.641002886335686, 42.141938246949856 ], [ -8.640861635276819, 42.141795804816887 ] ] ] } },
{ "type": "Feature", "properties": { "id": null, "LONG": 40.808858137583613 }, "geometry": { "type": "MultiLineString", "coordinates": [ [ [ -8.641478807591602, 42.142035842875458 ], [ -8.641002886335686, 42.141938246949856 ] ] ] } },
{ "type": "Feature", "properties": { "id": null, "LONG": 28.091355558261391 }, "geometry": { "type": "MultiLineString", "coordinates": [ [ [ -8.641816680569729, 42.14200883410836 ], [ -8.641478807591602, 42.142035842875458 ] ] ] } },
{ "type": "Feature", "properties": { "id": null, "LONG": 78.26270487525305 }, "geometry": { "type": "MultiLineString", "coordinates": [ [ [ -8.639323404972689, 42.140972156428703 ], [ -8.639450235719575, 42.140734046828577 ], [ -8.63989429580038, 42.140430925027133 ] ] ] } },
{ "type": "Feature", "properties": { "id": null, "LONG": 146.36357086963386 }, "geometry": { "type": "MultiLineString", "coordinates": [ [ [ -8.640779321626701, 42.141698116416727 ], [ -8.640726634310205, 42.141656491568952 ], [ -8.640287701863949, 42.141448030066286 ], [ -8.640120470122662, 42.141343418382313 ], [ -8.639862407305573, 42.141153285908814 ], [ -8.639323404972689, 42.140972156428703 ] ] ] } },
{ "type": "Feature", "properties": { "id": null, "LONG": 261.24180673811179 }, "geometry": { "type": "MultiLineString", "coordinates": [ [ [ -8.63989429580038, 42.140430925027133 ], [ -8.639631224790815, 42.140128169693902 ], [ -8.63870147895191, 42.140065856842696 ], [ -8.638604155602218, 42.139548120250439 ], [ -8.638518550559107, 42.138982450983477 ], [ -8.638516738553404, 42.138777876282376 ] ] ] } },
{ "type": "Feature", "properties": { "id": null, "LONG": 143.87805485929937 }, "geometry": { "type": "MultiLineString", "coordinates": [ [ [ -8.638516738553404, 42.138777876282376 ], [ -8.638153041418505, 42.137511164085097 ] ] ] } },
{ "type": "Feature", "properties": { "id": null, "LONG": 19.664148721999545 }, "geometry": { "type": "MultiLineString", "coordinates": [ [ [ -8.641002886335686, 42.141938246949856 ], [ -8.640861635276819, 42.141795804816887 ] ] ] } },
{ "type": "Feature", "properties": { "id": null, "LONG": 40.808858137583613 }, "geometry": { "type": "MultiLineString", "coordinates": [ [ [ -8.641478807591602, 42.142035842875458 ], [ -8.641002886335686, 42.141938246949856 ] ] ] } },
{ "type": "Feature", "properties": { "id": null, "LONG": 28.091355558261391 }, "geometry": { "type": "MultiLineString", "coordinates": [ [ [ -8.641816680569729, 42.14200883410836 ], [ -8.641478807591602, 42.142035842875458 ] ] ] } },
{ "type": "Feature", "properties": { "id": null, "LONG": 78.26270487525305 }, "geometry": { "type": "MultiLineString", "coordinates": [ [ [ -8.639323404972689, 42.140972156428703 ], [ -8.639450235719575, 42.140734046828577 ], [ -8.63989429580038, 42.140430925027133 ] ] ] } },
{ "type": "Feature", "properties": { "id": null, "LONG": 146.36357086963386 }, "geometry": { "type": "MultiLineString", "coordinates": [ [ [ -8.640779321626701, 42.141698116416727 ], [ -8.640726634310205, 42.141656491568952 ], [ -8.640287701863949, 42.141448030066286 ], [ -8.640120470122662, 42.141343418382313 ], [ -8.639862407305573, 42.141153285908814 ], [ -8.639323404972689, 42.140972156428703 ] ] ] } },
{ "type": "Feature", "properties": { "id": null, "LONG": 261.24180673811179 }, "geometry": { "type": "MultiLineString", "coordinates": [ [ [ -8.63989429580038, 42.140430925027133 ], [ -8.639631224790815, 42.140128169693902 ], [ -8.63870147895191, 42.140065856842696 ], [ -8.638604155602218, 42.139548120250439 ], [ -8.638518550559107, 42.138982450983477 ], [ -8.638516738553404, 42.138777876282376 ] ] ] } },
{ "type": "Feature", "properties": { "id": null, "LONG": 143.87805485929937 }, "geometry": { "type": "MultiLineString", "coordinates": [ [ [ -8.638516738553404, 42.138777876282376 ], [ -8.638153041418505, 42.137511164085097 ] ] ] } },
{ "type": "Feature", "properties": { "id": null, "LONG": null }, "geometry": { "type": "MultiLineString", "coordinates": [ [ [ -8.638671655426302, 42.13419065760494 ], [ -8.638282887709984, 42.133544517637894 ] ] ] } },
{ "type": "Feature", "properties": { "id": null, "LONG": 44.733743021354442 }, "geometry": { "type": "MultiLineString", "coordinates": [ [ [ -8.645350165693619, 42.145741048481788 ], [ -8.644981900256475, 42.146036148761148 ] ] ] } },
{ "type": "Feature", "properties": { "id": null, "LONG": 52.037331846219033 }, "geometry": { "type": "MultiLineString", "coordinates": [ [ [ -8.644981900256475, 42.146036148761148 ], [ -8.644568635053682, 42.146389551105486 ] ] ] } },
{ "type": "Feature", "properties": { "id": null, "LONG": 35.889562125629965 }, "geometry": { "type": "MultiLineString", "coordinates": [ [ [ -8.644568635053682, 42.146389551105486 ], [ -8.644270241474302, 42.146624261297212 ] ] ] } },
{ "type": "Feature", "properties": { "id": null, "LONG": 37.343423951379314 }, "geometry": { "type": "MultiLineString", "coordinates": [ [ [ -8.637877252017239, 42.150272566306917 ], [ -8.63750076188391, 42.150458413587877 ] ] ] } },
{ "type": "Feature", "properties": { "id": null, "LONG": 96.994256954439052 }, "geometry": { "type": "MultiLineString", "coordinates": [ [ [ -8.63885936116686, 42.149794638294281 ], [ -8.637877252017239, 42.150272566306917 ] ] ] } },
{ "type": "Feature", "properties": { "id": null, "LONG": 40.862911097133662 }, "geometry": { "type": "MultiLineString", "coordinates": [ [ [ -8.639271849391262, 42.149591859577129 ], [ -8.63885936116686, 42.149794638294281 ] ] ] } },
{ "type": "Feature", "properties": { "id": null, "LONG": 51.540894297421943 }, "geometry": { "type": "MultiLineString", "coordinates": [ [ [ -8.639776146964078, 42.149318946496948 ], [ -8.639271849391262, 42.149591859577129 ] ] ] } },
{ "type": "Feature", "properties": { "id": null, "LONG": 63.745719487285633 }, "geometry": { "type": "MultiLineString", "coordinates": [ [ [ -8.640993466421287, 42.148807739127903 ], [ -8.640312902777746, 42.149077682415125 ] ] ] } },
{ "type": "Feature", "properties": { "id": null, "LONG": 101.55745658267487 }, "geometry": { "type": "MultiLineString", "coordinates": [ [ [ -8.642018111942527, 42.148303203979353 ], [ -8.640993466421287, 42.148807739127903 ] ] ] } },
{ "type": "Feature", "properties": { "id": null, "LONG": 57.904538620047781 }, "geometry": { "type": "MultiLineString", "coordinates": [ [ [ -8.642542379621675, 42.147957443031721 ], [ -8.642018111942527, 42.148303203979353 ] ] ] } },
{ "type": "Feature", "properties": { "id": null, "LONG": 86.85105507982918 }, "geometry": { "type": "MultiLineString", "coordinates": [ [ [ -8.643267005218778, 42.147391231258183 ], [ -8.642542379621675, 42.147957443031721 ] ] ] } },
{ "type": "Feature", "properties": { "id": null, "LONG": 36.652424097961429 }, "geometry": { "type": "MultiLineString", "coordinates": [ [ [ -8.643571968642345, 42.147151689662188 ], [ -8.643267005218778, 42.147391231258183 ] ] ] } },
{ "type": "Feature", "properties": { "id": null, "LONG": 51.146700424144662 }, "geometry": { "type": "MultiLineString", "coordinates": [ [ [ -8.644001435848224, 42.146820199812971 ], [ -8.643571968642345, 42.147151689662188 ] ] ] } },
{ "type": "Feature", "properties": { "id": null, "LONG": 31.102776100642448 }, "geometry": { "type": "MultiLineString", "coordinates": [ [ [ -8.644270241474302, 42.146624261297212 ], [ -8.644001435848224, 42.146820199812971 ] ] ] } },
{ "type": "Feature", "properties": { "id": null, "LONG": 51.832081655027416 }, "geometry": { "type": "MultiLineString", "coordinates": [ [ [ -8.640312902777746, 42.149077682415125 ], [ -8.639776146964078, 42.149318946496948 ] ] ] } },
{ "type": "Feature", "properties": { "id": null, "LONG": 66.860527429832231 }, "geometry": { "type": "MultiLineString", "coordinates": [ [ [ -8.64596674358568, 42.145238733139855 ], [ -8.645435804762919, 42.145692831597763 ] ] ] } },
{ "type": "Feature", "properties": { "id": null, "LONG": 7.9058147510482719 }, "geometry": { "type": "MultiLineString", "coordinates": [ [ [ -8.636010653207324, 42.151084505045695 ], [ -8.635965692308222, 42.151147326221576 ] ] ] } },
{ "type": "Feature", "properties": { "id": null, "LONG": 15.498007002778635 }, "geometry": { "type": "MultiLineString", "coordinates": [ [ [ -8.63617536253091, 42.151017830626081 ], [ -8.636010653207324, 42.151084505045695 ] ] ] } },
{ "type": "Feature", "properties": { "id": null, "LONG": 15.568445730562923 }, "geometry": { "type": "MultiLineString", "coordinates": [ [ [ -8.636332531115444, 42.150940585559681 ], [ -8.63617536253091, 42.151017830626081 ] ] ] } },
{ "type": "Feature", "properties": { "id": null, "LONG": 8.6085642040784567 }, "geometry": { "type": "MultiLineString", "coordinates": [ [ [ -8.636420902397779, 42.150899571234781 ], [ -8.636332531115444, 42.150940585559681 ] ] ] } },
{ "type": "Feature", "properties": { "id": null, "LONG": 44.006756487450573 }, "geometry": { "type": "MultiLineString", "coordinates": [ [ [ -8.636866142944465, 42.150682332625344 ], [ -8.636420902397779, 42.150899571234781 ] ] ] } },
{ "type": "Feature", "properties": { "id": null, "LONG": 25.226084923201888 }, "geometry": { "type": "MultiLineString", "coordinates": [ [ [ -8.637304224186531, 42.150569544029743 ], [ -8.637045650476971, 42.150690186814188 ] ] ] } },
{ "type": "Feature", "properties": { "id": null, "LONG": 44.733743021354442 }, "geometry": { "type": "MultiLineString", "coordinates": [ [ [ -8.645350165693619, 42.145741048481788 ], [ -8.644981900256475, 42.146036148761148 ] ] ] } },
{ "type": "Feature", "properties": { "id": null, "LONG": 52.037331846219033 }, "geometry": { "type": "MultiLineString", "coordinates": [ [ [ -8.644981900256475, 42.146036148761148 ], [ -8.644568635053682, 42.146389551105486 ] ] ] } },
{ "type": "Feature", "properties": { "id": null, "LONG": 35.889562125629965 }, "geometry": { "type": "MultiLineString", "coordinates": [ [ [ -8.644568635053682, 42.146389551105486 ], [ -8.644270241474302, 42.146624261297212 ] ] ] } },
{ "type": "Feature", "properties": { "id": null, "LONG": 20.402666938661341 }, "geometry": { "type": "MultiLineString", "coordinates": [ [ [ -8.63750076188391, 42.150458413587877 ], [ -8.637304224186531, 42.150569544029743 ] ] ] } },
{ "type": "Feature", "properties": { "id": null, "LONG": 37.343423951379314 }, "geometry": { "type": "MultiLineString", "coordinates": [ [ [ -8.637877252017239, 42.150272566306917 ], [ -8.63750076188391, 42.150458413587877 ] ] ] } },
{ "type": "Feature", "properties": { "id": null, "LONG": 96.994256954439052 }, "geometry": { "type": "MultiLineString", "coordinates": [ [ [ -8.63885936116686, 42.149794638294281 ], [ -8.637877252017239, 42.150272566306917 ] ] ] } },
{ "type": "Feature", "properties": { "id": null, "LONG": 40.862911097133662 }, "geometry": { "type": "MultiLineString", "coordinates": [ [ [ -8.639271849391262, 42.149591859577129 ], [ -8.63885936116686, 42.149794638294281 ] ] ] } },
{ "type": "Feature", "properties": { "id": null, "LONG": 51.540894297421943 }, "geometry": { "type": "MultiLineString", "coordinates": [ [ [ -8.639776146964078, 42.149318946496948 ], [ -8.639271849391262, 42.149591859577129 ] ] ] } },
{ "type": "Feature", "properties": { "id": null, "LONG": 14.862822895677262 }, "geometry": { "type": "MultiLineString", "coordinates": [ [ [ -8.637045650476971, 42.150690186814188 ], [ -8.636866142944465, 42.150682332625344 ] ] ] } },
{ "type": "Feature", "properties": { "id": null, "LONG": 63.745719487285633 }, "geometry": { "type": "MultiLineString", "coordinates": [ [ [ -8.640993466421287, 42.148807739127903 ], [ -8.640312902777746, 42.149077682415125 ] ] ] } },
{ "type": "Feature", "properties": { "id": null, "LONG": 101.55745658267487 }, "geometry": { "type": "MultiLineString", "coordinates": [ [ [ -8.642018111942527, 42.148303203979353 ], [ -8.640993466421287, 42.148807739127903 ] ] ] } },
{ "type": "Feature", "properties": { "id": null, "LONG": 57.904538620047781 }, "geometry": { "type": "MultiLineString", "coordinates": [ [ [ -8.642542379621675, 42.147957443031721 ], [ -8.642018111942527, 42.148303203979353 ] ] ] } },
{ "type": "Feature", "properties": { "id": null, "LONG": 86.85105507982918 }, "geometry": { "type": "MultiLineString", "coordinates": [ [ [ -8.643267005218778, 42.147391231258183 ], [ -8.642542379621675, 42.147957443031721 ] ] ] } },
{ "type": "Feature", "properties": { "id": null, "LONG": 36.652424097961429 }, "geometry": { "type": "MultiLineString", "coordinates": [ [ [ -8.643571968642345, 42.147151689662188 ], [ -8.643267005218778, 42.147391231258183 ] ] ] } },
{ "type": "Feature", "properties": { "id": null, "LONG": 51.146700424144662 }, "geometry": { "type": "MultiLineString", "coordinates": [ [ [ -8.644001435848224, 42.146820199812971 ], [ -8.643571968642345, 42.147151689662188 ] ] ] } },
{ "type": "Feature", "properties": { "id": null, "LONG": 31.102776100642448 }, "geometry": { "type": "MultiLineString", "coordinates": [ [ [ -8.644270241474302, 42.146624261297212 ], [ -8.644001435848224, 42.146820199812971 ] ] ] } },
{ "type": "Feature", "properties": { "id": null, "LONG": 51.832081655027416 }, "geometry": { "type": "MultiLineString", "coordinates": [ [ [ -8.640312902777746, 42.149077682415125 ], [ -8.639776146964078, 42.149318946496948 ] ] ] } },
{ "type": "Feature", "properties": { "id": null, "LONG": 66.860527429832231 }, "geometry": { "type": "MultiLineString", "coordinates": [ [ [ -8.64596674358568, 42.145238733139855 ], [ -8.645435804762919, 42.145692831597763 ] ] ] } },
{ "type": "Feature", "properties": { "id": null, "LONG": 145.56950767328632 }, "geometry": { "type": "MultiLineString", "coordinates": [ [ [ -8.646695619487142, 42.143078834520118 ], [ -8.646581868844036, 42.143237201070932 ], [ -8.646447780812137, 42.14362712671128 ], [ -8.646450150109473, 42.143772623900176 ], [ -8.646677519593929, 42.144043012854496 ], [ -8.646839923588836, 42.144277716066085 ] ] ] } },
{ "type": "Feature", "properties": { "id": null, "LONG": 129.76154291472196 }, "geometry": { "type": "MultiLineString", "coordinates": [ [ [ -8.646839923588836, 42.144277716066085 ], [ -8.6467470535868, 42.144472303802857 ], [ -8.646646317214284, 42.144580815299342 ], [ -8.64596674358568, 42.145238733139855 ] ] ] } }
]
}
